loan_id,applicant_name,credit_score,annual_income,loan_amount,debt_to_income,employment_years,loan_type,loan_status,province,application_date
LN0000,William Dorsey,789,27720,67901,0.2,7,Mortgage,Current,AB,2020-01-01
LN0001,Lisa Miller,742,34275,205569,0.3,17,Auto,Current,QC,2020-01-02
LN0002,Julia Frank,655,26450,122192,0.22,3,Personal,Late (30-59 days),BC,2020-01-03
LN0003,Nancy Dominguez,585,32106,177646,0.15,4,Auto,Current,AB,2020-01-04
LN0004,Katherine Knapp,719,20000,298561,0.23,2,Mortgage,Current,ON,2020-01-05
LN0005,Cheryl Randolph,689,39549,99881,0.34,5,Personal,Current,SK,2020-01-06
LN0006,Randall Greene,739,36333,247934,0.5,4,Personal,Current,BC,2020-01-07
LN0007,Linda Flores,713,26190,137659,0.34,0,Auto,Current,QC,2020-01-08
LN0008,Michelle James,754,47273,126688,0.33,3,Mortgage,Current,QC,2020-01-09
LN0009,Linda Kim,596,52840,120584,0.18,0,Mortgage,Charged Off,SK,2020-01-10
LN0010,Cynthia Bell,781,20000,190782,0.54,0,Personal,Current,ON,2020-01-11
LN0011,Charles Wilkins,669,26766,227820,0.32,7,Personal,Current,ON,2020-01-12
LN0012,Kathleen Hall,850,26697,221896,0.25,1,Mortgage,Current,ON,2020-01-13
LN0013,Laura Allen,581,24935,296576,0.14,2,Mortgage,Current,ON,2020-01-14
LN0014,Penny Pena,823,50604,184689,0.46,0,Mortgage,Current,QC,2020-01-15
LN0015,Lisa Allen,669,33606,170289,0.22,0,Personal,Late (30-59 days),SK,2020-01-16
LN0016,Chad Allen,584,32669,288028,0.17,7,Mortgage,Current,AB,2020-01-17
LN0017,Nicole Brooks,601,20000,272598,0.33,3,Mortgage,Current,ON,2020-01-18
LN0018,Bruce Davila,617,46824,79960,0.33,10,Mortgage,Current,QC,2020-01-19
LN0019,Lisa Williams,692,22121,107421,0.17,2,Auto,Current,BC,2020-01-20
LN0020,Jesse Shah,702,37196,243245,0.46,1,Auto,Current,ON,2020-01-21
LN0021,Carrie Logan,592,40576,48618,0.14,2,Mortgage,Charged Off,AB,2020-01-22
LN0022,Donna Lewis,647,62583,52111,0.42,6,Credit Line,Current,AB,2020-01-23
LN0023,Meagan Perez,850,21514,221750,0.33,4,Mortgage,Current,AB,2020-01-24
LN0024,Adriana Reed,822,20000,125592,0.3,11,Mortgage,Current,ON,2020-01-25
LN0025,Karen Garcia DVM,693,39086,239000,0.2,4,Credit Line,Current,QC,2020-01-26
LN0026,Joshua Dunlap,653,74623,260989,0.4,3,Auto,Current,ON,2020-01-27
LN0027,Anthony Foley,662,59609,133652,0.61,7,Auto,Charged Off,ON,2020-01-28
LN0028,Mr. Kevin Murray,711,39492,83672,0.21,14,Mortgage,Current,QC,2020-01-29
LN0029,Alice Johnson,547,29832,255351,0.29,2,Personal,Current,MB,2020-01-30
LN0030,Michael Beck,624,50153,222516,0.37,1,Auto,Current,AB,2020-01-31
LN0031,Jessica Campbell,483,24601,66602,0.47,4,Personal,Charged Off,SK,2020-02-01
LN0032,Helen Torres,689,43938,208117,0.12,3,Mortgage,Current,AB,2020-02-02
LN0033,Jean Tucker,714,44453,242069,0.51,22,Auto,Current,ON,2020-02-03
LN0034,Robert Ward,601,55496,47222,0.29,3,Personal,Current,BC,2020-02-04
LN0035,Crystal Christensen,807,109520,246084,0.35,0,Credit Line,Current,ON,2020-02-05
LN0036,Carlos Steele,527,42487,247318,0.38,18,Mortgage,Current,ON,2020-02-06
LN0037,Victor Stewart,503,29626,70333,0.29,9,Personal,Late (30-59 days),QC,2020-02-07
LN0038,Megan Martin,672,35945,188804,0.48,0,Mortgage,Late (60+ days),BC,2020-02-08
LN0039,James Fernandez,754,20000,54420,0.36,11,Auto,Current,BC,2020-02-09
LN0040,Andrea Morris,818,41256,80504,0.12,2,Mortgage,Late (30-59 days),ON,2020-02-10
LN0041,Adam Wilson,604,30831,7462,0.36,2,Auto,Charged Off,ON,2020-02-11
LN0042,Stacey Hall,757,29447,276604,0.62,11,Mortgage,Current,ON,2020-02-12
LN0043,Gregory Wilkins,646,38597,104319,0.36,3,Mortgage,Current,ON,2020-02-13
LN0044,Charles Hart,,26135,261674,0.52,0,Mortgage,Late (60+ days),ON,2020-02-14
LN0045,Donna Jenkins,738,56863,145347,0.35,2,Mortgage,Current,BC,2020-02-15
LN0046,Hannah Washington,715,36318,149341,0.5,6,Credit Line,Current,AB,2020-02-16
LN0047,Jonathan Mathews,492,36180,134593,0.44,0,Credit Line,Current,QC,2020-02-17
LN0048,Veronica Luna,797,31851,127672,0.3,4,Personal,Current,BC,2020-02-18
LN0049,Annette Goodman,788,38641,289697,0.19,5,Mortgage,Current,ON,2020-02-19
LN0050,Jennifer Henry,587,50515,49036,0.33,2,Auto,Current,SK,2020-02-20
LN0051,Thomas Hansen,689,25671,153441,0.42,5,Personal,Current,ON,2020-02-21
LN0052,Kristine Ward,699,27910,147867,0.14,10,Credit Line,Current,AB,2020-02-22
LN0053,Randy Perry,676,32160,75021,0.54,3,Auto,Current,MB,2020-02-23
LN0054,Kimberly Griffin,594,21197,166215,0.47,2,Personal,Late (60+ days),AB,2020-02-24
LN0055,Nicole Morgan,582,26168,241304,0.39,1,Credit Line,Current,ON,2020-02-25
LN0056,Phillip Powell,647,30016,10368,0.12,4,Personal,Current,BC,2020-02-26
LN0057,Michael Phelps,767,51521,140693,0.31,10,Mortgage,Current,ON,2020-02-27
LN0058,Sarah Perez,704,40337,63829,0.59,1,Mortgage,Current,ON,2020-02-28
LN0059,Jennifer Pena,612,39239,281863,0.24,2,Auto,Current,ON,2020-02-29
LN0060,Janice Walker,727,51039,34227,0.31,2,Auto,Current,MB,2020-03-01
LN0061,Kelly Reyes,365,34373,114430,0.49,4,Mortgage,Charged Off,MB,2020-03-02
LN0062,Joshua Patterson,764,42454,17306,0.39,1,Mortgage,Current,ON,2020-03-03
LN0063,Michael Frost,476,34846,58822,0.13,8,Personal,Late (30-59 days),QC,2020-03-04
LN0064,Angela Peters,613,60573,29042,0.28,1,Auto,Current,SK,2020-03-05
LN0065,James Rowland,538,28764,153459,0.27,6,Mortgage,Current,QC,2020-03-06
LN0066,Paula Bean,520,30000,94424,0.29,3,Auto,Current,ON,2020-03-07
LN0067,Morgan Mitchell,766,34416,187690,0.5,4,Auto,Current,QC,2020-03-08
LN0068,Sharon Ellis,603,64157,228122,0.21,0,Personal,Current,AB,2020-03-09
LN0069,Jessica Bates,684,52600,154395,0.44,6,Mortgage,Charged Off,QC,2020-03-10
LN0070,Andrew Hunter,645,53431,23019,0.21,1,Personal,Current,AB,2020-03-11
LN0071,Ruth Miller,697,59542,45863,0.52,0,Auto,Current,QC,2020-03-12
LN0072,Cindy Ortega,657,37626,116023,0.21,3,Mortgage,Current,ON,2020-03-13
LN0073,Michael Mullins,521,39297,146355,0.19,6,Personal,Current,ON,2020-03-14
LN0074,Jessica Lee DDS,749,28365,67780,0.33,0,Mortgage,Current,ON,2020-03-15
LN0075,Tyler Wilkerson,600,32002,290052,0.27,0,Mortgage,Late (30-59 days),QC,2020-03-16
LN0076,Matthew Pope,494,69687,197656,0.38,8,Auto,Current,ON,2020-03-17
LN0077,Gary Arnold,607,58779,174024,0.23,8,Mortgage,Current,AB,2020-03-18
LN0078,Brett Lee,800,34345,105706,0.14,1,Mortgage,Current,QC,2020-03-19
LN0079,Linda Malone,735,30330,173735,0.37,4,Personal,Current,AB,2020-03-20
LN0080,Rebekah Johnson,615,36323,127019,0.25,2,Mortgage,Current,SK,2020-03-21
LN0081,Michael Dean,615,46188,197453,0.19,5,Credit Line,Current,AB,2020-03-22
LN0082,Douglas Mueller,617,20383,184001,0.22,9,Auto,Current,SK,2020-03-23
LN0083,Amanda Lee,850,20000,276487,0.37,0,Mortgage,Current,QC,2020-03-24
LN0084,Joseph Thomas,688,29137,105260,0.15,7,Mortgage,Late (30-59 days),ON,2020-03-25
LN0085,Shannon Mayo,693,22286,175863,0.32,3,Auto,Current,MB,2020-03-26
LN0086,Matthew Holland,753,29635,165206,0.47,4,Auto,Current,AB,2020-03-27
LN0087,Stephanie Gordon,673,34231,183173,0.21,5,Mortgage,Current,AB,2020-03-28
LN0088,Jennifer Sandoval,,30293,74443,0.2,12,Mortgage,Late (30-59 days),BC,2020-03-29
LN0089,Kenneth Graves,630,64924,235183,0.25,0,Personal,Current,BC,2020-03-30
LN0090,Jonathan Olson,642,41385,140899,0.35,0,Mortgage,Current,ON,2020-03-31
LN0091,Scott Graves,646,40953,101143,0.6,0,Personal,Current,BC,2020-04-01
LN0092,Monica Diaz,722,46577,198725,0.25,21,Auto,Current,ON,2020-04-02
LN0093,Susan Garcia,655,23028,149771,0.27,6,Auto,Current,ON,2020-04-03
LN0094,William Braun,723,55030,253044,0.45,4,Mortgage,Current,QC,2020-04-04
LN0095,Rebecca Malone,641,35231,141385,0.29,0,Mortgage,Current,QC,2020-04-05
LN0096,Mr. Gregory Hicks,657,47486,149670,0.22,10,Personal,Current,ON,2020-04-06
LN0097,Brandon Valencia,450,35479.5,116362,0.23,8,Mortgage,Charged Off,AB,2020-04-07
LN0098,James Stout,741,30000,251517,0.34,5,Mortgage,Current,AB,2020-04-08
LN0099,Michelle Munoz,684,75555,295951,0.31,2,Auto,Current,BC,2020-04-09
LN0100,Chris Lawrence,749,42216,205462,0.22,0,Mortgage,Current,QC,2020-04-10
LN0101,Austin Sosa,360,25315,181298,0.23,4,Auto,Current,SK,2020-04-11
LN0102,Sara Brandt,850,25645,64550,0.17,6,Personal,Current,ON,2020-04-12
LN0103,Lisa Holloway,,56963,270702,0.58,0,Auto,Current,BC,2020-04-13
LN0104,Jonathan Clark,760,33849,191950,0.18,5,Credit Line,Late (30-59 days),ON,2020-04-14
LN0105,Tammy Shelton,546,105085.5,63219,0.34,1,Personal,Current,ON,2020-04-15
LN0106,Sarah Hamilton,,25330,171258,0.41,7,Mortgage,Late (30-59 days),QC,2020-04-16
LN0107,Kimberly Nelson,544,46880,169841,0.27,3,Mortgage,Charged Off,BC,2020-04-17
LN0108,Jacqueline Turner,587,31842,256004,0.2,0,Auto,Late (30-59 days),ON,2020-04-18
LN0109,Charles Nunez,841,46224,262336,0.35,3,Auto,Current,ON,2020-04-19
LN0110,Jordan Thompson,630,29212,241495,0.18,2,Mortgage,Late (30-59 days),QC,2020-04-20
LN0111,Jacob Wood,671,51039,58218,0.19,0,Credit Line,Current,QC,2020-04-21
LN0112,Tracy Ramirez,737,36914,286373,0.4,9,Auto,Current,BC,2020-04-22
LN0113,Gloria Hayes,699,24321,32877,0.25,0,Mortgage,Current,ON,2020-04-23
LN0114,Isaac Shields,665,48841,194073,0.13,1,Auto,Current,QC,2020-04-24
LN0115,Kyle Grant,686,29575,152878,0.48,0,Mortgage,Current,ON,2020-04-25
LN0116,Jose Morgan,850,33142,224707,0.45,0,Personal,Current,ON,2020-04-26
LN0117,Betty Anderson,644,24398,246249,0.3,1,Auto,Current,QC,2020-04-27
LN0118,Kathleen Thompson,670,20000,42034,0.2,0,Mortgage,Current,BC,2020-04-28
LN0119,Alexander Lee,755,33643,176389,0.35,4,Mortgage,Current,ON,2020-04-29
LN0120,Michael Cain,760,95324,193868,0.36,0,Personal,Current,ON,2020-04-30
LN0121,Casey Braun,768,74556,15589,0.37,6,Auto,Current,QC,2020-05-01
LN0122,Wesley Payne,713,36036,62221,0.39,0,Credit Line,Late (30-59 days),ON,2020-05-02
LN0123,John Jensen,535,32690,260927,0.22,0,Mortgage,Current,ON,2020-05-03
LN0124,Noah Cruz,,36643,268801,0.36,1,Mortgage,Current,QC,2020-05-04
LN0125,Michael Morrow,535,45199,122229,0.16,11,Mortgage,Late (30-59 days),ON,2020-05-05
LN0126,Bryan Newton,680,22644,57227,0.31,5,Auto,Current,ON,2020-05-06
LN0127,James Barron,574,56711,270308,0.41,7,Mortgage,Current,AB,2020-05-07
LN0128,Cody Fitzpatrick,643,48346,98078,0.39,0,Mortgage,Current,BC,2020-05-08
LN0129,Christopher Lowe,682,48400,240113,0.3,8,Auto,Current,BC,2020-05-09
LN0130,Michelle Wallace,682,43277,55599,0.25,0,Auto,Late (60+ days),QC,2020-05-10
LN0131,Jason Miller,692,36601,251367,0.28,1,Mortgage,Current,BC,2020-05-11
LN0132,Melissa Snyder,811,47531,194651,0.22,4,Auto,Current,MB,2020-05-12
LN0133,Anthony Mendoza,695,46015,73207,0.2,2,Personal,Current,BC,2020-05-13
LN0134,Mark Stewart,625,31520,116426,0.39,20,Mortgage,Current,ON,2020-05-14
LN0135,Mark Miller,746,28870,139794,0.16,0,Mortgage,Current,QC,2020-05-15
LN0136,Ryan Holland,,37825,176103,0.13,32,Mortgage,Late (30-59 days),QC,2020-05-16
LN0137,Scott Williams,527,67481,215307,0.29,4,Personal,Charged Off,QC,2020-05-17
LN0138,Jennifer Martin,709,22122,26438,0.25,4,Personal,Late (30-59 days),QC,2020-05-18
LN0139,Robert Hernandez,720,20190,63819,0.3,0,Mortgage,Current,AB,2020-05-19
LN0140,Ricardo Allison,620,38789,48856,0.23,1,Mortgage,Current,BC,2020-05-20
LN0141,Mark Gray,787,37062,64807,0.43,12,Personal,Current,ON,2020-05-21
LN0142,James Frazier,634,38922,48461,0.33,2,Credit Line,Current,ON,2020-05-22
LN0143,Shawn Davis,,40037,98474,0.22,5,Auto,Current,QC,2020-05-23
LN0144,Claudia Cain,632,33213,287579,0.21,37,Credit Line,Current,ON,2020-05-24
LN0145,Paul Ramirez,651,65903,220189,0.37,1,Auto,Late (30-59 days),ON,2020-05-25
LN0146,Amy Marquez,540,20000,259730,0.32,4,Personal,Current,ON,2020-05-26
LN0147,Ethan Vega,505,26071,251732,0.31,5,Mortgage,Current,ON,2020-05-27
LN0148,Ruth Kennedy,809,34846,167793,0.34,0,Auto,Current,SK,2020-05-28
LN0149,Martin Robbins,565,20000,59786,0.36,0,Mortgage,Charged Off,ON,2020-05-29
LN0150,Melanie Mitchell,550,33848,280848,0.22,3,Personal,Current,ON,2020-05-30
LN0151,Aimee Roberts,434,105879,61635,0.23,2,Credit Line,Current,ON,2020-05-31
LN0152,Susan Gardner,586,36620,245909,0.21,6,Auto,Current,QC,2020-06-01
LN0153,Charles Hernandez,517,39826,250984,0.26,0,Mortgage,Current,ON,2020-06-02
LN0154,Julie Wall,814,21937,117752,0.34,17,Mortgage,Current,BC,2020-06-03
LN0155,Kevin Robinson,750,28380,216194,0.34,0,Mortgage,Current,ON,2020-06-04
LN0156,Alicia Martinez,581,31254,233584,0.14,4,Mortgage,Current,QC,2020-06-05
LN0157,Veronica Lopez,850,31981,137886,0.61,4,Auto,Current,AB,2020-06-06
LN0158,John Jensen,748,60636,83537,0.47,0,Credit Line,Current,ON,2020-06-07
LN0159,Nicole Anderson,617,45391,152580,0.21,0,Mortgage,Current,QC,2020-06-08
LN0160,Kari Garcia,400,23281,90166,0.24,7,Mortgage,Late (30-59 days),QC,2020-06-09
LN0161,Troy Christensen,850,40078,214988,0.4,10,Auto,Current,AB,2020-06-10
LN0162,Amanda Palmer,511,44324,199840,0.41,1,Mortgage,Current,QC,2020-06-11
LN0163,Joseph Bishop,485,57300,39785,0.41,2,Personal,Late (30-59 days),QC,2020-06-12
LN0164,Megan Clark,752,68337,168052,0.25,2,Mortgage,Current,AB,2020-06-13
LN0165,Sierra Kelly,850,24196,236791,0.37,0,Mortgage,Current,QC,2020-06-14
LN0166,Lucas Martinez,788,26256,71253,0.52,5,Mortgage,Current,ON,2020-06-15
LN0167,David Schneider,706,21959,96128,0.28,8,Mortgage,Current,ON,2020-06-16
LN0168,Karen Wallace,709,33070,166081,0.34,1,Auto,Late (30-59 days),BC,2020-06-17
LN0169,Victoria Newman,735,43762,115966,0.45,23,Mortgage,Current,AB,2020-06-18
LN0170,Daniel Tyler,,53902,142854,0.15,0,Auto,Current,SK,2020-06-19
LN0171,Ronald Scott,678,35228,104352,0.29,5,Auto,Current,MB,2020-06-20
LN0172,Stacy Carter,660,31954,144379,0.43,2,Mortgage,Current,AB,2020-06-21
LN0173,Jo Wilson,643,38588,228279,0.2,2,Mortgage,Current,BC,2020-06-22
LN0174,Patricia Gould,574,26002,242281,0.45,3,Auto,Current,AB,2020-06-23
LN0175,Christina Jones,621,83768,113297,0.12,1,Auto,Current,QC,2020-06-24
LN0176,Tiffany Lewis,480,20000,211946,0.37,6,Credit Line,Charged Off,QC,2020-06-25
LN0177,Jared Henry,640,39100,43346,0.48,6,Mortgage,Current,ON,2020-06-26
LN0178,Jennifer Smith,551,81588,117138,0.29,1,Mortgage,Late (30-59 days),ON,2020-06-27
LN0179,Tina Hernandez,539,36414,45149,0.32,9,Mortgage,Current,AB,2020-06-28
LN0180,Nicole Moore,667,33657,163598,0.25,1,Auto,Current,QC,2020-06-29
LN0181,Chad Henderson,789,31477,133447,0.28,6,Auto,Current,ON,2020-06-30
LN0182,Stephanie Wright,741,33787,10695,0.28,0,Personal,Late (30-59 days),ON,2020-07-01
LN0183,Brooke Bartlett,492,62889,44169,0.4,0,Auto,Current,AB,2020-07-02
LN0184,Jordan Torres,551,20000,183296,0.47,1,Mortgage,Current,BC,2020-07-03
LN0185,Terri Ortega,744,67062,161625,0.19,4,Auto,Current,QC,2020-07-04
LN0186,Angela Scott,551,20545,191098,0.45,5,Credit Line,Charged Off,QC,2020-07-05
LN0187,Kristen Stephens,627,32641,197994,0.23,2,Mortgage,Current,QC,2020-07-06
LN0188,Anthony Moses,705,30586,6881,0.14,0,Auto,Current,ON,2020-07-07
LN0189,Amanda Gomez,553,45955,84211,0.25,2,Credit Line,Current,QC,2020-07-08
LN0190,Oscar Norton,660,20000,161078,0.39,5,Personal,Current,AB,2020-07-09
LN0191,Chris Acosta,516,43689,232203,0.49,5,Personal,Current,ON,2020-07-10
LN0192,Donna Rubio,589,81611,200558,0.16,0,Mortgage,Current,ON,2020-07-11
LN0193,Corey Austin,681,21051,141949,0.37,0,Auto,Late (30-59 days),ON,2020-07-12
LN0194,Michael Maxwell,490,39178,44553,0.48,6,Mortgage,Late (30-59 days),QC,2020-07-13
LN0195,Joshua Bennett,694,27867,140758,0.28,0,Auto,Current,ON,2020-07-14
LN0196,Timothy Bautista,648,64590,37766,0.41,0,Mortgage,Current,QC,2020-07-15
LN0197,Gary English,705,36594,299150,0.14,0,Personal,Current,QC,2020-07-16
LN0198,Sandra Bates,672,42144,36422,0.41,2,Personal,Late (30-59 days),AB,2020-07-17
LN0199,John Quinn,786,44141,279349,0.27,3,Auto,Current,QC,2020-07-18
LN0200,Steve Lopez,662,74737,159599,0.19,5,Mortgage,Late (30-59 days),ON,2020-07-19
LN0201,Alice Curtis,607,33645,247555,0.4,1,Mortgage,Current,QC,2020-07-20
LN0202,Lauren Daniel,662,48431,33202,0.23,6,Personal,Current,BC,2020-07-21
LN0203,Lance Briggs,704,21648,218456,0.25,0,Auto,Current,ON,2020-07-22
LN0204,Kevin Galvan,654,24770,25855,0.23,8,Personal,Current,BC,2020-07-23
LN0205,Nathan Flynn,654,43868,196444,0.38,4,Mortgage,Charged Off,MB,2020-07-24
LN0206,Jennifer Johnson,579,65752,292239,0.45,4,Auto,Late (30-59 days),ON,2020-07-25
LN0207,Jeffrey Taylor,583,41866,108119,0.18,1,Personal,Current,BC,2020-07-26
LN0208,Jenna Young,509,32041,57003,0.2,0,Auto,Current,AB,2020-07-27
LN0209,Jeffrey Hernandez,824,36305,99837,0.3,3,Auto,Current,QC,2020-07-28
LN0210,Michelle French,525,22022,228068,0.37,4,Personal,Current,BC,2020-07-29
LN0211,Megan Johnson,580,46249,128805,0.22,0,Mortgage,Current,ON,2020-07-30
LN0212,Nicole Murphy,578,51685,290071,0.27,15,Mortgage,Current,ON,2020-07-31
LN0213,John Alvarez,739,45460.5,120657,0.15,19,Auto,Late (30-59 days),BC,2020-08-01
LN0214,Lauren Bennett,620,30091,109428,0.22,3,Mortgage,Current,BC,2020-08-02
LN0215,Christopher Gutierrez,774,40390,127035,0.35,14,Personal,Current,MB,2020-08-03
LN0216,Rodney Collins,582,30494,235780,0.26,0,Personal,Charged Off,ON,2020-08-04
LN0217,Chad Walker,677,35367,222282,0.4,0,Personal,Current,QC,2020-08-05
LN0218,Kristin Franco,566,84110,74518,0.21,0,Auto,Current,ON,2020-08-06
LN0219,Madison Holland,850,32898,181355,0.37,4,Mortgage,Current,ON,2020-08-07
LN0220,Mark Levy,531,31466,148277,0.6,0,Mortgage,Current,QC,2020-08-08
LN0221,Morgan Snyder,680,28028,125243,0.39,15,Personal,Current,ON,2020-08-09
LN0222,Tammy Murphy,713,48907,279892,0.37,0,Mortgage,Current,ON,2020-08-10
LN0223,Alexander Torres,691,33776,58311,0.19,1,Auto,Current,ON,2020-08-11
LN0224,Ian Allen,631,28008,27692,0.53,8,Personal,Current,ON,2020-08-12
LN0225,Darin Fleming,637,61606,129954,0.27,1,Mortgage,Late (30-59 days),SK,2020-08-13
LN0226,Angela Rivera,654,64077,159934,0.43,1,Mortgage,Current,AB,2020-08-14
LN0227,Shane Oneal Jr.,,28561,226468,0.3,5,Auto,Current,ON,2020-08-15
LN0228,David Bailey,746,20000,85152,0.21,1,Personal,Current,AB,2020-08-16
LN0229,Corey Lee,850,54339,9926,0.11,1,Mortgage,Current,BC,2020-08-17
LN0230,Evelyn Ashley,594,27615,8969,0.33,1,Credit Line,Charged Off,AB,2020-08-18
LN0231,James Johnson,513,49823,40733,0.49,3,Auto,Current,ON,2020-08-19
LN0232,Bruce Bridges,641,20000,46743,0.26,16,Credit Line,Current,QC,2020-08-20
LN0233,Ashley Chan,850,51898,135193,0.11,8,Mortgage,Current,AB,2020-08-21
LN0234,Makayla Herrera,569,22371,175948,0.37,1,Mortgage,Current,ON,2020-08-22
LN0235,Michael Carlson,813,48645,25323,0.69,2,Personal,Current,MB,2020-08-23
LN0236,Kathy Jones PhD,817,36523,283572,0.21,3,Personal,Current,AB,2020-08-24
LN0237,Connie Mueller,594,24795,39578,0.14,19,Auto,Current,SK,2020-08-25
LN0238,Jared Dickson,706,30859,91486,0.35,0,Personal,Current,ON,2020-08-26
LN0239,Brandon Garcia,812,47787,262450,0.22,2,Personal,Current,ON,2020-08-27
LN0240,Elizabeth Wallace,612,37886,112325,0.33,6,Mortgage,Current,ON,2020-08-28
LN0241,Nicole Gomez,629,45879,273508,0.25,16,Auto,Current,SK,2020-08-29
LN0242,Jose Smith,,80063,136763,0.25,0,Personal,Charged Off,ON,2020-08-30
LN0243,Stephen Andersen,548,20000,262971,0.2,1,Mortgage,Current,QC,2020-08-31
LN0244,Michael Sims,585,69347,100598,0.26,1,Mortgage,Current,QC,2020-09-01
LN0245,Mark Snyder,527,37863,202539,0.43,0,Personal,Current,ON,2020-09-02
LN0246,Ashley Reed,,25348,181968,0.13,4,Mortgage,Current,ON,2020-09-03
LN0247,Brenda Contreras,573,21330,62062,0.42,5,Mortgage,Late (30-59 days),QC,2020-09-04
LN0248,Robert Harrison,673,33669,233338,0.45,4,Credit Line,Current,AB,2020-09-05
LN0249,Karen Wilson,494,52504,215834,0.44,0,Auto,Charged Off,ON,2020-09-06
LN0250,Jason Holland,683,51763.5,149933,0.53,0,Personal,Late (30-59 days),AB,2020-09-07
LN0251,Michael Anderson,733,66467,232909,0.21,1,Personal,Current,BC,2020-09-08
LN0252,Robert Hudson,450,20323,93302,0.21,1,Mortgage,Current,BC,2020-09-09
LN0253,Michael Thompson,687,36140,68928,0.33,7,Mortgage,Late (30-59 days),BC,2020-09-10
LN0254,Julian Rocha,772,22005,219303,0.24,0,Mortgage,Current,ON,2020-09-11
LN0255,Brian Peterson,529,42001,46347,0.43,0,Mortgage,Current,QC,2020-09-12
LN0256,Jeffrey Johnson,817,51779,8121,0.15,2,Auto,Current,AB,2020-09-13
LN0257,Karen Ritter,691,30690,88793,0.55,2,Auto,Current,ON,2020-09-14
LN0258,Jeffrey Bell,579,20000,33164,0.3,2,Auto,Current,QC,2020-09-15
LN0259,Matthew Wilkerson,644,39323,292635,0.41,8,Mortgage,Late (30-59 days),ON,2020-09-16
LN0260,Wanda Ball,705,43247,64222,0.2,0,Mortgage,Late (30-59 days),BC,2020-09-17
LN0261,Derek Chavez,657,42689,159237,0.43,6,Auto,Current,QC,2020-09-18
LN0262,John Franco,703,59534,8748,0.24,2,Auto,Current,QC,2020-09-19
LN0263,Brittany Mcknight,557,23660,31553,0.51,1,Mortgage,Current,ON,2020-09-20
LN0264,Melissa Dominguez,666,47671,121547,0.23,13,Auto,Late (60+ days),SK,2020-09-21
LN0265,Crystal Curry,508,58512,65380,0.32,1,Mortgage,Current,ON,2020-09-22
LN0266,Jennifer Campbell,638,20000,49331,0.17,5,Mortgage,Current,BC,2020-09-23
LN0267,Jacob Barajas,559,41268,232105,0.15,1,Personal,Current,QC,2020-09-24
LN0268,Hunter Johnson MD,576,29682,125617,0.31,3,Mortgage,Current,AB,2020-09-25
LN0269,Alexander Thompson,773,52725,80910,0.2,7,Auto,Current,ON,2020-09-26
LN0270,Jeffrey Lopez,759,41733,212288,0.15,10,Mortgage,Late (60+ days),AB,2020-09-27
LN0271,Melvin Jackson,710,29884,15068,0.45,9,Mortgage,Current,ON,2020-09-28
LN0272,Haley Jones,540,27714,59460,0.48,4,Mortgage,Charged Off,QC,2020-09-29
LN0273,Regina Perez,,36815,51418,0.35,1,Credit Line,Late (30-59 days),BC,2020-09-30
LN0274,Carla Thompson,771,23508,293350,0.38,5,Auto,Current,AB,2020-10-01
LN0275,Susan Lucas,664,23521,133180,0.42,6,Credit Line,Current,BC,2020-10-02
LN0276,Melissa Vasquez,850,47655,267431,0.37,0,Auto,Current,AB,2020-10-03
LN0277,Nicholas Quinn,689,22936,27337,0.22,2,Auto,Current,ON,2020-10-04
LN0278,Rodney Pacheco,669,47406,156738,0.47,9,Mortgage,Late (30-59 days),MB,2020-10-05
LN0279,Michelle Kennedy,619,43697,252667,0.35,3,Mortgage,Current,ON,2020-10-06
LN0280,Ricardo Kelly,663,20000,137233,0.15,1,Mortgage,Current,BC,2020-10-07
LN0281,Lisa Hawkins,634,27694,103064,0.37,10,Mortgage,Current,QC,2020-10-08
LN0282,Carl Beck,720,58550,251686,0.31,0,Auto,Current,QC,2020-10-09
LN0283,Morgan Campbell,745,24527,8178,0.39,1,Mortgage,Late (60+ days),ON,2020-10-10
LN0284,Thomas Trevino,571,30158,36831,0.25,5,Mortgage,Current,QC,2020-10-11
LN0285,Robyn Coleman,516,43687,138248,0.22,2,Mortgage,Charged Off,ON,2020-10-12
LN0286,Mary Wright,466,49679,108306,0.14,6,Auto,Current,ON,2020-10-13
LN0287,Michelle Smith,700,32839,169726,0.37,0,Auto,Current,ON,2020-10-14
LN0288,Anthony Lee,539,28595,259292,0.25,1,Personal,Current,QC,2020-10-15
LN0289,Joshua Morton,434,64147,188622,0.27,0,Mortgage,Current,ON,2020-10-16
LN0290,Amanda Ross,,72806,180982,0.31,15,Mortgage,Current,ON,2020-10-17
LN0291,Kristen Bridges,850,53720,95417,0.36,2,Mortgage,Current,ON,2020-10-18
LN0292,Richard Lewis,649,37576,194323,0.31,2,Personal,Current,ON,2020-10-19
LN0293,Charles Anderson,733,26283,16984,0.2,0,Mortgage,Late (60+ days),AB,2020-10-20
LN0294,Dustin Randolph,658,26051,94312,0.42,0,Auto,Current,MB,2020-10-21
LN0295,Jay Obrien,640,44757,197458,0.27,2,Auto,Current,ON,2020-10-22
LN0296,Ryan Martin,741,42931,88291,0.13,0,Mortgage,Late (60+ days),BC,2020-10-23
LN0297,Jesse Hall,620,63617,274279,0.44,3,Mortgage,Current,BC,2020-10-24
LN0298,Melissa Farmer,676,47107,5320,0.27,3,Mortgage,Late (60+ days),QC,2020-10-25
LN0299,Chelsea Chen,682,20000,157756,0.31,7,Personal,Late (60+ days),BC,2020-10-26
LN0300,Joshua Turner,583,82969.5,231921,0.42,5,Auto,Current,ON,2020-10-27
LN0301,Jasmine Wilson,749,24361,184971,0.48,2,Auto,Current,QC,2020-10-28
LN0302,Jenny Clark,632,31145,260083,0.31,1,Auto,Current,ON,2020-10-29
LN0303,Adrienne Roy,574,40138,114863,0.38,6,Auto,Current,ON,2020-10-30
LN0304,Heather Miller,703,80681,46777,0.18,6,Auto,Current,BC,2020-10-31
LN0305,Louis Perez,560,188986.5,51250,0.21,0,Mortgage,Current,QC,2020-11-01
LN0306,Kevin Preston,652,46290,185418,0.19,12,Mortgage,Current,ON,2020-11-02
LN0307,Alyssa Rollins,649,33749,220834,0.54,0,Mortgage,Current,QC,2020-11-03
LN0308,Stephanie Harris,758,44972,20216,0.33,0,Auto,Current,AB,2020-11-04
LN0309,Mary Noble,697,51795,8009,0.16,1,Mortgage,Late (30-59 days),AB,2020-11-05
LN0310,Christopher Dawson,647,31943,165399,0.73,12,Auto,Current,BC,2020-11-06
LN0311,Elizabeth Frost,731,111697.5,150281,0.38,3,Mortgage,Current,QC,2020-11-07
LN0312,Regina Page,789,39816,184515,0.32,7,Credit Line,Late (30-59 days),QC,2020-11-08
LN0313,Tanya Rodriguez,705,44315,20029,0.31,1,Mortgage,Current,ON,2020-11-09
LN0314,Monica Fitzgerald,651,47399,215515,0.22,3,Mortgage,Current,ON,2020-11-10
LN0315,Anthony Martin,518,42986,193069,0.25,2,Credit Line,Current,ON,2020-11-11
LN0316,Hannah Malone,,50796,119456,0.27,8,Auto,Current,QC,2020-11-12
LN0317,Jordan Robinson,619,28370,247471,0.39,0,Credit Line,Current,QC,2020-11-13
LN0318,Anna Jensen,589,29047,38783,0.47,1,Mortgage,Current,MB,2020-11-14
LN0319,Melissa Roberts,631,23387,39152,0.54,0,Mortgage,Current,AB,2020-11-15
LN0320,Margaret Johnson,655,43295,63741,0.41,9,Auto,Current,ON,2020-11-16
LN0321,Heather Malone,702,74386.5,34092,0.17,3,Personal,Late (30-59 days),ON,2020-11-17
LN0322,Robert Harrington,642,43612,153725,0.44,2,Mortgage,Current,ON,2020-11-18
LN0323,Amanda Duncan,,70954,235636,0.13,2,Credit Line,Late (30-59 days),BC,2020-11-19
LN0324,Adrian Miles,656,36234,176541,0.2,17,Auto,Current,BC,2020-11-20
LN0325,Gwendolyn Colon,452,47453,259136,0.31,9,Personal,Current,SK,2020-11-21
LN0326,Julie Jefferson,556,23466,166050,0.26,6,Mortgage,Late (30-59 days),QC,2020-11-22
LN0327,Rhonda Nguyen,635,31106,92592,0.26,1,Mortgage,Current,AB,2020-11-23
LN0328,Anthony Lopez,529,47964,48169,0.37,0,Credit Line,Current,QC,2020-11-24
LN0329,Leah Nunez,709,51003,59745,0.5,12,Credit Line,Current,AB,2020-11-25
LN0330,Kathryn Franco,803,32286,115168,0.19,2,Auto,Current,BC,2020-11-26
LN0331,Rachel Gentry,771,35290,118985,0.26,1,Mortgage,Current,BC,2020-11-27
LN0332,Jimmy Morales,628,20000,272687,0.33,3,Mortgage,Current,QC,2020-11-28
LN0333,Steven Cruz,799,31482,192464,0.32,12,Auto,Current,BC,2020-11-29
LN0334,Lori Stewart,664,51852,26067,0.34,2,Mortgage,Current,QC,2020-11-30
LN0335,Cheryl Barnett,616,45710,56033,0.17,4,Mortgage,Current,ON,2020-12-01
LN0336,Dr. Patrick Moody,588,66550.5,50256,0.11,8,Mortgage,Current,ON,2020-12-02
LN0337,Nicholas Hernandez,619,37045,226705,0.42,2,Personal,Late (60+ days),QC,2020-12-03
LN0338,Jared Collins,611,36418,244455,0.35,1,Mortgage,Current,QC,2020-12-04
LN0339,Emily Guzman,667,27885,205417,0.24,26,Auto,Current,ON,2020-12-05
LN0340,Tasha Gutierrez,666,48027,91803,0.43,15,Auto,Current,ON,2020-12-06
LN0341,Donald Mcmahon,650,42975,208814,0.42,9,Auto,Current,ON,2020-12-07
LN0342,Troy Jensen,693,44214,123843,0.17,5,Auto,Current,QC,2020-12-08
LN0343,Stephen Mcbride,769,29424,33992,0.29,1,Mortgage,Current,ON,2020-12-09
LN0344,Todd Ford,744,20000,217603,0.46,12,Auto,Current,ON,2020-12-10
LN0345,Justin Burke,,56323,53803,0.36,1,Personal,Current,ON,2020-12-11
LN0346,Lindsay French,394,29985,199549,0.21,8,Auto,Charged Off,ON,2020-12-12
LN0347,John Stone,743,25716,149282,0.56,12,Credit Line,Current,AB,2020-12-13
LN0348,Jacob Walter,513,47924,31270,0.33,4,Personal,Current,ON,2020-12-14
LN0349,Tracy Morgan,627,31045,249929,0.27,8,Personal,Current,BC,2020-12-15
LN0350,Christopher White,532,55490,12452,0.53,7,Mortgage,Current,QC,2020-12-16
LN0351,Grant Krueger,469,46481,19859,0.47,1,Auto,Current,SK,2020-12-17
LN0352,Dr. John Campbell,704,47735,37083,0.37,5,Auto,Current,ON,2020-12-18
LN0353,Walter White,725,21028,116462,0.25,0,Mortgage,Late (60+ days),ON,2020-12-19
LN0354,Tammy Floyd,592,58969,152735,0.37,3,Auto,Late (30-59 days),ON,2020-12-20
LN0355,Todd Reilly,390,40315,254737,0.19,0,Mortgage,Late (30-59 days),ON,2020-12-21
LN0356,Jacob Wright,595,31328,286197,0.36,2,Auto,Current,BC,2020-12-22
LN0357,John Torres,689,38459,147157,0.21,8,Auto,Current,ON,2020-12-23
LN0358,Tricia Nixon,502,20000,195167,0.33,21,Auto,Current,ON,2020-12-24
LN0359,Jason Barnes,668,42764,74517,0.45,1,Credit Line,Current,AB,2020-12-25
LN0360,Randall Davis,648,24058,157225,0.51,3,Mortgage,Current,QC,2020-12-26
LN0361,Abigail Bryant,707,31710,141319,0.37,3,Mortgage,Current,ON,2020-12-27
LN0362,Anthony Allen,661,20000,231453,0.38,15,Mortgage,Current,ON,2020-12-28
LN0363,Jeffrey Jackson,552,56674,141645,0.44,3,Personal,Current,ON,2020-12-29
LN0364,Jacqueline Sharp,769,28234,84267,0.38,6,Auto,Late (60+ days),MB,2020-12-30
LN0365,Virginia Edwards,634,67069,143261,0.45,12,Auto,Current,AB,2020-12-31
LN0366,Caitlyn Phillips,647,29309,136004,0.45,2,Mortgage,Current,AB,2021-01-01
LN0367,Dr. Devin Spencer,556,20000,58687,0.21,11,Auto,Current,MB,2021-01-02
LN0368,Courtney Scott,605,23234,112615,0.22,12,Mortgage,Late (30-59 days),QC,2021-01-03
LN0369,James Mckinney,561,59535,32564,0.17,13,Personal,Current,ON,2021-01-04
LN0370,Ryan Sanders,632,34120,295979,0.27,1,Personal,Late (30-59 days),QC,2021-01-05
LN0371,Zachary Short,821,29163,12697,0.51,2,Personal,Current,BC,2021-01-06
LN0372,Mr. Alan Barker,512,38715,85165,0.38,10,Personal,Charged Off,AB,2021-01-07
LN0373,Ruben James,488,44387,209994,0.43,2,Auto,Current,QC,2021-01-08
LN0374,Abigail Baker,797,56781,62823,0.19,4,Personal,Current,QC,2021-01-09
LN0375,Jonathan Johnson,629,64821,14615,0.43,0,Auto,Current,MB,2021-01-10
LN0376,Troy Tucker,583,47172,81436,0.25,0,Auto,Late (30-59 days),ON,2021-01-11
LN0377,Anthony Huang,753,21366,196591,0.44,2,Mortgage,Late (60+ days),AB,2021-01-12
LN0378,Corey Cherry,589,30779,39782,0.21,4,Mortgage,Current,ON,2021-01-13
LN0379,Megan Perez,832,40300,83533,0.19,2,Auto,Current,QC,2021-01-14
LN0380,Mr. Jonathan Phillips PhD,717,24698,245011,0.47,4,Auto,Current,ON,2021-01-15
LN0381,Sharon Lewis,,24763,194327,0.42,3,Mortgage,Late (30-59 days),BC,2021-01-16
LN0382,George Rowe,,41669,77684,0.16,5,Personal,Current,QC,2021-01-17
LN0383,Lauren Stewart,589,35615,262165,0.26,5,Mortgage,Current,ON,2021-01-18
LN0384,Joseph Booker,724,36795,220356,0.15,2,Mortgage,Current,AB,2021-01-19
LN0385,Kevin Hudson,679,26811,221621,0.37,2,Personal,Current,BC,2021-01-20
LN0386,James Schneider,780,33118,240295,0.27,0,Auto,Current,BC,2021-01-21
LN0387,Katherine Valentine,806,25092,256435,0.28,3,Personal,Current,ON,2021-01-22
LN0388,Kevin Davis,653,51848,262424,0.45,4,Auto,Current,AB,2021-01-23
LN0389,Cheryl Allen,574,54945,273782,0.15,3,Credit Line,Current,ON,2021-01-24
LN0390,Alexandria Brown,695,20000,38377,0.15,1,Auto,Current,ON,2021-01-25
LN0391,Christopher Hunt,582,25039,111244,0.38,6,Mortgage,Charged Off,ON,2021-01-26
LN0392,Paul Jackson,850,20000,179188,0.13,0,Mortgage,Current,QC,2021-01-27
LN0393,Chase Garcia,663,28000,218363,0.18,12,Mortgage,Current,AB,2021-01-28
LN0394,Felicia Torres,613,35123,28382,0.35,0,Credit Line,Current,ON,2021-01-29
LN0395,Joshua Ritter,668,20335,251375,0.14,16,Mortgage,Current,ON,2021-01-30
LN0396,Willie Benson,515,25115,192135,0.34,3,Mortgage,Late (60+ days),AB,2021-01-31
LN0397,Carl Patrick,552,24304,158466,0.42,2,Mortgage,Current,BC,2021-02-01
LN0398,Robert Erickson,770,39454,239318,0.36,1,Personal,Late (30-59 days),AB,2021-02-02
LN0399,Alexis Rodgers,584,37336,136936,0.25,0,Mortgage,Late (30-59 days),ON,2021-02-03
LN0400,Troy Mcdonald,545,40813.5,128664,0.23,1,Credit Line,Current,BC,2021-02-04
LN0401,Morgan Robinson,703,38977,157027,0.42,0,Mortgage,Current,ON,2021-02-05
LN0402,Shannon Walls,768,29182,108533,0.29,5,Mortgage,Current,SK,2021-02-06
LN0403,Alyssa Larsen,721,32576,252997,0.26,1,Mortgage,Current,QC,2021-02-07
LN0404,Jessica Moreno,749,70925,74590,0.36,7,Personal,Current,BC,2021-02-08
LN0405,Jeffrey Wright,574,93120,249936,0.27,1,Personal,Charged Off,ON,2021-02-09
LN0406,Sarah Guerrero,507,21593,53924,0.14,11,Mortgage,Current,ON,2021-02-10
LN0407,Jessica Conner,800,50609,14726,0.53,3,Mortgage,Current,ON,2021-02-11
LN0408,Crystal Rocha,617,50239,196896,0.51,0,Personal,Current,ON,2021-02-12
LN0409,Diane Navarro,624,22941,45542,0.59,2,Mortgage,Current,ON,2021-02-13
LN0410,Micheal Lowe,782,50388,39753,0.25,1,Mortgage,Late (30-59 days),BC,2021-02-14
LN0411,Cassandra Stafford,705,67182,288460,0.61,1,Mortgage,Current,ON,2021-02-15
LN0412,Christopher Le,695,23178,238979,0.41,3,Mortgage,Charged Off,AB,2021-02-16
LN0413,Andrew Norris,850,25159,89698,0.18,5,Mortgage,Late (30-59 days),ON,2021-02-17
LN0414,Andrew Lopez,585,54560,283104,0.47,12,Mortgage,Current,ON,2021-02-18
LN0415,Brandon Kramer,742,40481,35791,0.63,3,Mortgage,Current,AB,2021-02-19
LN0416,Rachel Fox,,45278,292360,0.53,16,Personal,Late (30-59 days),BC,2021-02-20
LN0417,Scott Larson Jr.,676,41615,78290,0.39,14,Mortgage,Late (30-59 days),QC,2021-02-21
LN0418,Laura Castaneda,802,42458,52014,0.27,10,Personal,Current,ON,2021-02-22
LN0419,Ashley Dougherty,700,21362,140150,0.49,3,Mortgage,Current,BC,2021-02-23
LN0420,Mr. Frank Jones DVM,703,55211,55519,0.14,0,Auto,Current,QC,2021-02-24
LN0421,William Hogan,757,86967,271186,0.22,1,Mortgage,Current,ON,2021-02-25
LN0422,Laura Nichols,613,33131,54052,0.19,5,Personal,Current,BC,2021-02-26
LN0423,Nathaniel Martinez,566,35689,19389,0.28,2,Mortgage,Late (30-59 days),QC,2021-02-27
LN0424,Jason Davis,545,20000,73111,0.4,0,Personal,Current,ON,2021-02-28
LN0425,Linda Barnes,453,44609,162753,0.3,3,Mortgage,Current,MB,2021-03-01
LN0426,Christopher Parker,850,45652,94524,0.19,0,Mortgage,Current,AB,2021-03-02
LN0427,Cynthia Mccullough MD,539,35423,291848,0.15,6,Credit Line,Late (30-59 days),ON,2021-03-03
LN0428,Natalie Harris,627,56939,99913,0.31,0,Auto,Late (60+ days),QC,2021-03-04
LN0429,Darren Edwards,622,47658,99108,0.36,4,Mortgage,Current,ON,2021-03-05
LN0430,Christopher Allen,680,45517,259803,0.24,7,Credit Line,Current,AB,2021-03-06
LN0431,Lisa Ballard,731,36228,274637,0.41,0,Mortgage,Current,BC,2021-03-07
LN0432,Jesse Mack,736,35974,74639,0.17,3,Mortgage,Current,ON,2021-03-08
LN0433,Kylie Kelley,591,33869,236452,0.61,7,Credit Line,Current,ON,2021-03-09
LN0434,Susan Villa,633,39740,139066,0.56,1,Mortgage,Charged Off,ON,2021-03-10
LN0435,Eric Brown,678,31325,205352,0.29,0,Personal,Late (30-59 days),QC,2021-03-11
LN0436,Christopher Acevedo,625,34455,133674,0.38,2,Mortgage,Late (60+ days),BC,2021-03-12
LN0437,Virginia Anthony,810,50534,10594,0.34,4,Personal,Current,ON,2021-03-13
LN0438,James Chen,699,30494,241907,0.33,4,Auto,Current,ON,2021-03-14
LN0439,Vincent Barnes,723,20000,274515,0.25,0,Credit Line,Current,ON,2021-03-15
LN0440,Jacqueline Vang,,73118,52315,0.19,3,Auto,Current,ON,2021-03-16
LN0441,Kaitlyn Wolfe,767,63106,219636,0.33,1,Mortgage,Current,ON,2021-03-17
LN0442,Denise Kennedy,668,21657,132251,0.2,9,Auto,Current,QC,2021-03-18
LN0443,Carlos Barnett,520,47852,237520,0.33,1,Mortgage,Current,BC,2021-03-19
LN0444,Susan Adams,689,29697,84526,0.36,9,Personal,Current,SK,2021-03-20
LN0445,Tara Porter,584,40351,248459,0.35,2,Personal,Current,MB,2021-03-21
LN0446,Martin Christensen,597,40851,152698,0.22,6,Auto,Current,QC,2021-03-22
LN0447,Lisa Shannon,708,33065,242330,0.45,3,Personal,Current,BC,2021-03-23
LN0448,Megan Henson,773,26542,110573,0.39,4,Mortgage,Current,SK,2021-03-24
LN0449,Pamela Lewis,652,27550,142900,0.25,2,Auto,Current,ON,2021-03-25
LN0450,Kayla Townsend,680,25172,240707,0.23,7,Mortgage,Charged Off,ON,2021-03-26
LN0451,Mary Thomas,,26036,188736,0.51,2,Auto,Current,ON,2021-03-27
LN0452,Sheila Baker DVM,674,35352,153955,0.3,3,Mortgage,Current,QC,2021-03-28
LN0453,Terry Robinson,850,27274,179131,0.3,3,Personal,Current,AB,2021-03-29
LN0454,Oscar King,,47706,179004,0.12,8,Mortgage,Late (60+ days),ON,2021-03-30
LN0455,Tracy Roberts,473,98751,269179,0.43,5,Auto,Current,QC,2021-03-31
LN0456,Scott Moore,725,28795,114767,0.56,2,Mortgage,Current,QC,2021-04-01
LN0457,Kelly Smith,688,39965,22241,0.29,5,Personal,Current,ON,2021-04-02
LN0458,Dale Johnson,778,66525,57975,0.14,5,Mortgage,Current,ON,2021-04-03
LN0459,Adam Lyons,717,43861,159226,0.26,13,Auto,Late (30-59 days),ON,2021-04-04
LN0460,Edwin Cunningham,636,37435,61396,0.36,9,Mortgage,Late (30-59 days),ON,2021-04-05
LN0461,Dana Boone,527,48877,123920,0.37,5,Personal,Late (60+ days),AB,2021-04-06
LN0462,Shannon Hamilton,629,66063,199999,0.33,2,Mortgage,Current,AB,2021-04-07
LN0463,Russell Rivera,564,22135,91226,0.19,7,Personal,Current,AB,2021-04-08
LN0464,Anthony Walker,591,51413,89719,0.45,4,Mortgage,Current,BC,2021-04-09
LN0465,Elaine Snyder,708,51788,68014,0.25,21,Personal,Current,AB,2021-04-10
LN0466,Stephanie Randolph,816,26760,44346,0.16,1,Mortgage,Current,BC,2021-04-11
LN0467,Michele Blair,689,36870,75411,0.36,0,Mortgage,Late (30-59 days),BC,2021-04-12
LN0468,Cynthia Shaffer,530,47730,190550,0.21,0,Auto,Late (30-59 days),BC,2021-04-13
LN0469,Laura Howe,694,33398,148326,0.23,5,Mortgage,Current,QC,2021-04-14
LN0470,Jason Coleman,769,55781,191806,0.2,14,Mortgage,Current,ON,2021-04-15
LN0471,Jeffrey Walker,589,93484,51121,0.2,0,Credit Line,Current,BC,2021-04-16
LN0472,Mary Moreno,636,26518,217490,0.27,6,Credit Line,Current,ON,2021-04-17
LN0473,Diane Thompson,651,20901,89577,0.24,5,Personal,Current,QC,2021-04-18
LN0474,Michele Velez,571,41008,254106,0.17,6,Mortgage,Late (30-59 days),QC,2021-04-19
LN0475,Natalie Mosley,714,48466,140909,0.18,2,Mortgage,Current,ON,2021-04-20
LN0476,Cindy Henderson,637,49668,6466,0.39,8,Auto,Current,SK,2021-04-21
LN0477,Ashley Rodriguez,691,64945,297915,0.23,0,Mortgage,Current,ON,2021-04-22
LN0478,Stacey Phillips,561,21259,234638,0.47,7,Credit Line,Current,ON,2021-04-23
LN0479,Anthony Bennett PhD,606,47914,93422,0.24,1,Mortgage,Late (30-59 days),ON,2021-04-24
LN0480,Tara Carter,722,28499,269037,0.29,3,Credit Line,Current,AB,2021-04-25
LN0481,Luke Murphy,612,72240,297717,0.21,8,Auto,Late (60+ days),QC,2021-04-26
LN0482,Jonathan Henry,822,80580,101907,0.15,1,Personal,Charged Off,BC,2021-04-27
LN0483,Joseph Moore,610,26724,213434,0.21,1,Mortgage,Charged Off,AB,2021-04-28
LN0484,Charlene Pierce,672,29149,223532,0.37,5,Personal,Current,ON,2021-04-29
LN0485,Monica Taylor,743,51217,263093,0.15,3,Mortgage,Current,ON,2021-04-30
LN0486,Elizabeth Cooper,508,31105,157271,0.29,3,Auto,Current,ON,2021-05-01
LN0487,Victor Daniels,473,53491.5,210400,0.35,1,Personal,Current,BC,2021-05-02
LN0488,Denise Campbell,497,36686,172477,0.54,0,Mortgage,Charged Off,BC,2021-05-03
LN0489,Richard Wood,776,20000,234304,0.29,2,Auto,Current,ON,2021-05-04
LN0490,Heather Taylor,594,36115,20989,0.2,0,Auto,Current,ON,2021-05-05
LN0491,Gregory Pitts,850,27559,296075,0.44,11,Mortgage,Current,ON,2021-05-06
LN0492,Makayla Parks,593,29814,276434,0.31,0,Auto,Charged Off,BC,2021-05-07
LN0493,Sheila Ponce,668,64695,126136,0.23,2,Mortgage,Current,ON,2021-05-08
LN0494,Rachael Cole,804,21969,212370,0.22,0,Mortgage,Late (60+ days),ON,2021-05-09
LN0495,Joseph Richard,850,75412.5,131299,0.44,0,Auto,Late (60+ days),ON,2021-05-10
LN0496,Brenda Vazquez,850,32481,166205,0.35,5,Auto,Current,BC,2021-05-11
LN0497,Felicia Pratt,770,32470,248688,0.22,5,Mortgage,Late (30-59 days),BC,2021-05-12
LN0498,Courtney Walsh,752,49818,110686,0.47,0,Personal,Current,QC,2021-05-13
LN0499,Samuel Nichols,709,41606,87666,0.2,0,Personal,Current,BC,2021-05-14
LN0500,Robert Cortez,727,45626,193728,0.57,0,Auto,Charged Off,QC,2021-05-15
LN0501,Daniel Greene,594,53491,140705,0.37,7,Auto,Current,SK,2021-05-16
LN0502,Richard Moore MD,568,31808,112573,0.52,4,Mortgage,Late (60+ days),ON,2021-05-17
LN0503,Robert Holt,649,28427,233892,0.16,0,Personal,Charged Off,BC,2021-05-18
LN0504,Gabriel Ferguson,632,23527,274152,0.41,3,Auto,Current,QC,2021-05-19
LN0505,Travis Clarke,604,26103,163477,0.46,6,Mortgage,Current,ON,2021-05-20
LN0506,Katelyn Cochran,719,118141,253141,0.48,10,Auto,Current,BC,2021-05-21
LN0507,Natalie Miller,745,59746,95909,0.17,13,Mortgage,Current,ON,2021-05-22
LN0508,Kayla Mcclure,658,21153,156899,0.54,1,Mortgage,Current,ON,2021-05-23
LN0509,Adam Bray,797,21397,65354,0.54,0,Auto,Current,ON,2021-05-24
LN0510,Louis Schwartz,535,44035,23157,0.38,1,Auto,Current,ON,2021-05-25
LN0511,Earl Burton,630,45202,40315,0.48,7,Auto,Late (60+ days),QC,2021-05-26
LN0512,Mario Butler,578,45231,150486,0.44,17,Auto,Current,QC,2021-05-27
LN0513,Zachary Bird,463,32794,263669,0.12,3,Credit Line,Charged Off,BC,2021-05-28
LN0514,Deborah Baker,641,34538,137018,0.4,1,Auto,Late (30-59 days),AB,2021-05-29
LN0515,Rebecca Scott,637,41404,281837,0.29,2,Auto,Current,ON,2021-05-30
LN0516,Michelle Jackson,801,37584,294385,0.27,1,Mortgage,Current,QC,2021-05-31
LN0517,Debra Nash,713,30000,100790,0.44,1,Mortgage,Current,AB,2021-06-01
LN0518,Linda Sanchez,547,33126,77255,0.27,4,Mortgage,Current,ON,2021-06-02
LN0519,Crystal Bowers,835,38749.5,200829,0.39,0,Auto,Late (30-59 days),QC,2021-06-03
LN0520,Todd Graves,772,38951,177275,0.24,1,Personal,Current,AB,2021-06-04
LN0521,James Sanchez,708,119862,197933,0.3,5,Mortgage,Late (30-59 days),BC,2021-06-05
LN0522,Robert Farrell,627,42065,266439,0.31,0,Mortgage,Current,ON,2021-06-06
LN0523,Douglas Adams MD,554,32035,16350,0.15,0,Mortgage,Current,ON,2021-06-07
LN0524,Elizabeth Parks,612,52507,191584,0.31,1,Mortgage,Current,QC,2021-06-08
LN0525,Marissa Jenkins,758,44049,106894,0.37,10,Credit Line,Current,SK,2021-06-09
LN0526,Rachel Mills,838,42960,36728,0.41,7,Auto,Current,ON,2021-06-10
LN0527,Alicia Carr,804,46292,284720,0.26,0,Mortgage,Current,SK,2021-06-11
LN0528,Christy Gentry,601,82670,88384,0.38,3,Personal,Current,ON,2021-06-12
LN0529,Sonya Steele,538,23101,5390,0.22,1,Personal,Current,ON,2021-06-13
LN0530,Monica Barber,664,43890,16569,0.18,5,Auto,Current,QC,2021-06-14
LN0531,Alicia Moss,473,25070,27490,0.29,6,Mortgage,Late (30-59 days),BC,2021-06-15
LN0532,Emily Lee,682,45351,273011,0.31,9,Auto,Current,ON,2021-06-16
LN0533,Christopher Joseph,635,25147,85820,0.37,3,Mortgage,Current,ON,2021-06-17
LN0534,Devin Medina,603,30731,276265,0.22,25,Personal,Current,AB,2021-06-18
LN0535,Heather Green,490,32272,6539,0.28,19,Auto,Current,SK,2021-06-19
LN0536,Bobby Jones,701,80481,68965,0.13,10,Auto,Current,ON,2021-06-20
LN0537,Jennifer Jones,596,52437,102799,0.27,4,Mortgage,Current,ON,2021-06-21
LN0538,Xavier Clark,533,22064,98948,0.66,2,Mortgage,Current,AB,2021-06-22
LN0539,Tiffany White,362,37122,148314,0.18,2,Mortgage,Charged Off,BC,2021-06-23
LN0540,Joseph Brown,647,27341,253099,0.5,0,Credit Line,Current,ON,2021-06-24
LN0541,Alyssa Newton,827,21951,276091,0.3,1,Mortgage,Current,MB,2021-06-25
LN0542,Melissa Flores,816,33296,248322,0.32,6,Mortgage,Current,ON,2021-06-26
LN0543,Anthony Torres,604,32099,207538,0.18,4,Credit Line,Current,BC,2021-06-27
LN0544,Kent Benson,589,95864,239778,0.35,12,Auto,Current,QC,2021-06-28
LN0545,Rhonda Quinn,696,43182,260821,0.26,0,Personal,Current,QC,2021-06-29
LN0546,David Alexander,550,20930,197888,0.31,0,Mortgage,Current,ON,2021-06-30
LN0547,Stephanie Boone,680,28972,267651,0.25,7,Auto,Current,BC,2021-07-01
LN0548,Bryan York,726,54641,163223,0.19,2,Mortgage,Current,SK,2021-07-02
LN0549,Joseph Parker,772,83732,16618,0.32,0,Personal,Charged Off,QC,2021-07-03
LN0550,Patty George,639,20000,283266,0.36,28,Mortgage,Current,QC,2021-07-04
LN0551,Thomas Chan,629,20000,143426,0.26,7,Auto,Late (60+ days),ON,2021-07-05
LN0552,Heather Bentley,562,76755,91436,0.22,2,Personal,Current,AB,2021-07-06
LN0553,Maureen Martin,,42439,215448,0.23,8,Auto,Current,SK,2021-07-07
LN0554,Amanda Mccoy,627,25659,141109,0.43,5,Auto,Current,AB,2021-07-08
LN0555,Amy Torres,686,44974,33633,0.34,7,Mortgage,Current,QC,2021-07-09
LN0556,Joshua Vega,741,20000,291639,0.36,8,Mortgage,Current,SK,2021-07-10
LN0557,Damon Skinner,569,36364,217456,0.39,0,Auto,Current,ON,2021-07-11
LN0558,Mary Villarreal,799,41403,143442,0.14,4,Auto,Late (30-59 days),QC,2021-07-12
LN0559,Mr. Scott Armstrong,622,52559,124873,0.19,0,Credit Line,Current,QC,2021-07-13
LN0560,Kimberly Walker,647,24208,76947,0.53,0,Personal,Charged Off,QC,2021-07-14
LN0561,Donna Morgan,575,37581,175205,0.15,11,Auto,Current,AB,2021-07-15
LN0562,Paul Flowers,407,25080,232107,0.25,3,Personal,Current,BC,2021-07-16
LN0563,Mary Henderson,738,40221,100761,0.46,6,Mortgage,Late (60+ days),ON,2021-07-17
LN0564,William Hughes,723,25383,33926,0.28,9,Auto,Current,ON,2021-07-18
LN0565,Angela Lawson,621,30845,109700,0.23,14,Mortgage,Current,ON,2021-07-19
LN0566,Chase Leblanc II,656,24383,54593,0.29,10,Mortgage,Current,QC,2021-07-20
LN0567,Brittany Mclaughlin,701,47120,10209,0.29,3,Personal,Current,ON,2021-07-21
LN0568,Kimberly Zamora,493,51194,131700,0.24,2,Auto,Charged Off,ON,2021-07-22
LN0569,Erik Romero,597,33062,91597,0.12,0,Auto,Current,BC,2021-07-23
LN0570,Elizabeth Warner,729,36875,274355,0.19,2,Auto,Charged Off,AB,2021-07-24
LN0571,Kristin Olsen,524,20344,14927,0.3,2,Auto,Late (30-59 days),MB,2021-07-25
LN0572,Scott David,679,32213,213535,0.24,4,Mortgage,Current,SK,2021-07-26
LN0573,Paige Gonzalez,514,35593,122333,0.43,5,Auto,Current,AB,2021-07-27
LN0574,Scott Bartlett,696,103602,160666,0.29,19,Auto,Current,ON,2021-07-28
LN0575,Holly Davidson,,34914,210924,0.42,6,Personal,Current,AB,2021-07-29
LN0576,Rodney Davidson,488,65229,213785,0.21,5,Mortgage,Current,ON,2021-07-30
LN0577,Megan Washington,766,54108,144005,0.39,2,Mortgage,Current,BC,2021-07-31
LN0578,Sharon Kirby,576,40629,108780,0.19,0,Auto,Current,QC,2021-08-01
LN0579,Cynthia Johnson,568,73383,45696,0.28,1,Personal,Current,AB,2021-08-02
LN0580,Deanna Stevens,670,42143,201521,0.46,7,Auto,Current,QC,2021-08-03
LN0581,Jack Jones,764,42432,162195,0.2,1,Personal,Current,ON,2021-08-04
LN0582,Tony Wheeler,,35552,55013,0.37,6,Credit Line,Current,QC,2021-08-05
LN0583,Marcus Parker,656,59244,221486,0.34,4,Credit Line,Current,ON,2021-08-06
LN0584,Douglas Gonzalez,692,56307,244350,0.21,0,Personal,Current,SK,2021-08-07
LN0585,Grace Daniel,719,28274,31140,0.42,1,Personal,Late (60+ days),QC,2021-08-08
LN0586,William Long,667,21424,268328,0.31,3,Mortgage,Current,QC,2021-08-09
LN0587,Mary George,613,33483,160918,0.47,2,Personal,Current,MB,2021-08-10
LN0588,Jamie Chambers,567,26370,116361,0.27,7,Auto,Charged Off,BC,2021-08-11
LN0589,Lisa Williams,658,35404,158267,0.58,6,Credit Line,Current,ON,2021-08-12
LN0590,William Moss,542,89361,272750,0.59,4,Mortgage,Current,ON,2021-08-13
LN0591,Steven Gibbs,357,30244,21555,0.26,8,Auto,Charged Off,QC,2021-08-14
LN0592,Kelly Jacobson DDS,693,35698,95385,0.58,4,Auto,Current,AB,2021-08-15
LN0593,Dr. Robert Parker DVM,740,37168,260658,0.22,16,Auto,Current,AB,2021-08-16
LN0594,Donna Craig,413,50989,162419,0.15,1,Mortgage,Current,SK,2021-08-17
LN0595,Benjamin Peterson,549,20000,234797,0.44,6,Auto,Current,ON,2021-08-18
LN0596,James Morgan,711,28490,108844,0.18,2,Personal,Current,ON,2021-08-19
LN0597,Kelsey Chang,850,39518,96321,0.33,1,Auto,Current,ON,2021-08-20
LN0598,Natalie Cunningham,652,58690,199923,0.31,0,Mortgage,Late (30-59 days),AB,2021-08-21
LN0599,Ronald Moore,577,29829,103234,0.32,4,Personal,Current,ON,2021-08-22
LN0600,Neil Strickland,631,20000,232705,0.33,1,Mortgage,Current,ON,2021-08-23
LN0601,Ricky Booker,787,46531,206283,0.21,1,Mortgage,Current,QC,2021-08-24
LN0602,Ashlee West,585,28165,294987,0.29,23,Auto,Current,QC,2021-08-25
LN0603,Connie Bernard,570,22564,34793,0.25,8,Personal,Current,BC,2021-08-26
LN0604,Samantha Walters,601,28289,153929,0.31,6,Auto,Current,QC,2021-08-27
LN0605,Mr. Evan Klein,554,33731,24627,0.28,7,Auto,Current,QC,2021-08-28
LN0606,Michael Sanchez,662,42768,227633,0.45,17,Mortgage,Current,QC,2021-08-29
LN0607,Lisa Knight,812,20000,229440,0.28,4,Auto,Current,AB,2021-08-30
LN0608,Miss Erika Boyle,682,51991,180188,0.25,1,Mortgage,Current,ON,2021-08-31
LN0609,William Wilson,,60472,263191,0.32,9,Credit Line,Current,ON,2021-09-01
LN0610,Christine Rodriguez,620,47127,128099,0.19,6,Personal,Current,ON,2021-09-02
LN0611,Angela Hunt,493,23038,214074,0.31,2,Auto,Current,ON,2021-09-03
LN0612,Joseph Cherry,738,33503,178686,0.11,3,Auto,Late (30-59 days),AB,2021-09-04
LN0613,Stephanie Moore,642,36220,279864,0.38,2,Personal,Current,ON,2021-09-05
LN0614,Rebecca Stokes,631,46143,112449,0.38,13,Auto,Current,MB,2021-09-06
LN0615,Priscilla Wallace,850,47445,107828,0.27,2,Mortgage,Current,ON,2021-09-07
LN0616,Michael Johnson,679,27074,131613,0.12,16,Mortgage,Current,AB,2021-09-08
LN0617,John Cooper,574,37526,77095,0.26,12,Auto,Charged Off,AB,2021-09-09
LN0618,Richard Lee DVM,607,43604,110924,0.5,4,Credit Line,Current,QC,2021-09-10
LN0619,Stephanie Hammond,764,65012,101452,0.18,4,Mortgage,Current,BC,2021-09-11
LN0620,David Yu,661,48136,92593,0.1,2,Mortgage,Current,ON,2021-09-12
LN0621,Robert Mejia,506,49792,171964,0.39,0,Auto,Current,QC,2021-09-13
LN0622,Sean Herrera,741,37553,131202,0.64,0,Personal,Late (30-59 days),ON,2021-09-14
LN0623,Donna Hunt MD,583,63843,82606,0.27,7,Mortgage,Late (30-59 days),QC,2021-09-15
LN0624,Michael Cox,837,42783,128769,0.32,3,Mortgage,Late (60+ days),AB,2021-09-16
LN0625,Robert Washington,758,25733,123542,0.31,0,Auto,Current,ON,2021-09-17
LN0626,Jeremy Thomas,605,63662,268068,0.22,1,Auto,Late (30-59 days),AB,2021-09-18
LN0627,Luis Perry,778,48009,56322,0.38,14,Mortgage,Current,ON,2021-09-19
LN0628,Gregory Mcmahon,656,30417,162550,0.19,2,Mortgage,Current,QC,2021-09-20
LN0629,Rebecca Adams,735,29977,76042,0.27,11,Auto,Current,MB,2021-09-21
LN0630,Michael Baker,698,40889,51418,0.23,1,Auto,Current,BC,2021-09-22
LN0631,Russell Graham,,43707,105699,0.59,3,Credit Line,Late (30-59 days),BC,2021-09-23
LN0632,Ryan Wright,585,39297,95140,0.22,0,Auto,Current,BC,2021-09-24
LN0633,Rebecca Serrano,752,41131,16781,0.34,3,Mortgage,Current,MB,2021-09-25
LN0634,Victoria Dudley,616,71681,102628,0.54,5,Auto,Current,ON,2021-09-26
LN0635,Melinda Martin,609,55749,81946,0.23,1,Auto,Late (30-59 days),BC,2021-09-27
LN0636,Cody Brown,554,39193,90058,0.54,4,Mortgage,Current,QC,2021-09-28
LN0637,Kimberly Castillo,692,52919,156542,0.46,5,Credit Line,Late (60+ days),ON,2021-09-29
LN0638,Drew Ballard,850,24028,275675,0.27,5,Personal,Current,ON,2021-09-30
LN0639,Wendy Foster,543,42581,47674,0.16,7,Mortgage,Current,ON,2021-10-01
LN0640,Taylor Banks,652,74886,132572,0.24,1,Mortgage,Current,QC,2021-10-02
LN0641,Jeanne Mitchell,791,33282,230730,0.23,4,Mortgage,Current,AB,2021-10-03
LN0642,Justin Fisher,642,25872,296975,0.31,19,Mortgage,Current,AB,2021-10-04
LN0643,Angela Jones,695,27977,62174,0.2,11,Auto,Current,QC,2021-10-05
LN0644,Sara Case,543,23485,278423,0.32,15,Auto,Charged Off,ON,2021-10-06
LN0645,Nicholas Cruz,692,26531,261008,0.34,2,Credit Line,Current,ON,2021-10-07
LN0646,Kenneth Cooper,631,31313,58051,0.43,7,Mortgage,Current,ON,2021-10-08
LN0647,Katelyn Lucas,748,20697,208085,0.27,4,Auto,Current,BC,2021-10-09
LN0648,Kenneth Williams,768,36543,70524,0.31,0,Personal,Current,ON,2021-10-10
LN0649,Gail Lopez,850,52099,273614,0.19,8,Auto,Current,QC,2021-10-11
LN0650,Valerie Romero,707,25257,236189,0.45,5,Mortgage,Current,MB,2021-10-12
LN0651,James Rowe,682,66683,49439,0.45,1,Mortgage,Current,BC,2021-10-13
LN0652,Laurie Harrison,669,44547,281452,0.16,0,Mortgage,Current,AB,2021-10-14
LN0653,Victor Martin,614,54843,96563,0.63,9,Credit Line,Current,BC,2021-10-15
LN0654,Joel Mcdonald,683,27913,232328,0.18,0,Credit Line,Current,ON,2021-10-16
LN0655,Stacey York,620,51113,211314,0.46,0,Credit Line,Current,ON,2021-10-17
LN0656,Mario Bond,666,23464,14837,0.36,2,Personal,Late (60+ days),AB,2021-10-18
LN0657,Michelle Ewing,,51849,240207,0.36,0,Mortgage,Current,BC,2021-10-19
LN0658,Tracey Ayala,549,58348.5,123128,0.28,12,Credit Line,Late (60+ days),QC,2021-10-20
LN0659,Reginald Hurley,763,67965,172896,0.47,3,Credit Line,Current,ON,2021-10-21
LN0660,Kevin Sanchez,781,22691,169145,0.23,4,Mortgage,Current,BC,2021-10-22
LN0661,Daniel Green,638,25386,102624,0.23,13,Mortgage,Current,ON,2021-10-23
LN0662,Shelley Pugh,437,46114,194933,0.21,3,Auto,Charged Off,ON,2021-10-24
LN0663,Diane Pittman,589,24851,35063,0.35,2,Mortgage,Current,ON,2021-10-25
LN0664,Erin Wong,779,43707,74453,0.54,7,Mortgage,Current,QC,2021-10-26
LN0665,Kelly Hensley,647,21018,259371,0.31,2,Credit Line,Current,ON,2021-10-27
LN0666,Emily Sandoval,550,50984,107166,0.57,1,Credit Line,Late (30-59 days),ON,2021-10-28
LN0667,Gregory Dorsey,599,22180,19506,0.24,6,Mortgage,Current,BC,2021-10-29
LN0668,Stephanie Benson,734,45293,230413,0.31,8,Auto,Current,QC,2021-10-30
LN0669,Roberta Chen,704,46641,118604,0.14,7,Personal,Current,QC,2021-10-31
LN0670,Donna Caldwell,626,27482,31026,0.32,19,Auto,Current,QC,2021-11-01
LN0671,Craig Watkins,613,45835,260116,0.49,7,Mortgage,Current,SK,2021-11-02
LN0672,Theresa Fowler,610,40302,195285,0.24,7,Personal,Current,ON,2021-11-03
LN0673,Brandon Ellison,557,29274,55971,0.36,9,Personal,Current,ON,2021-11-04
LN0674,Sandra Parker,811,36388.5,118978,0.12,0,Credit Line,Current,BC,2021-11-05
LN0675,Tanya Garcia,617,20000,164163,0.46,2,Mortgage,Current,ON,2021-11-06
LN0676,Andrew Hernandez,771,41766,108864,0.48,6,Mortgage,Current,QC,2021-11-07
LN0677,Charles Ward,802,20000,100386,0.15,4,Credit Line,Current,QC,2021-11-08
LN0678,Joshua Medina,749,37727,91126,0.3,0,Mortgage,Current,SK,2021-11-09
LN0679,Cynthia Hall,606,32683,167023,0.47,1,Personal,Current,AB,2021-11-10
LN0680,Jennifer Mejia,690,47650,85863,0.26,2,Mortgage,Current,MB,2021-11-11
LN0681,Joshua Johnson,647,48273,130659,0.2,4,Mortgage,Current,ON,2021-11-12
LN0682,Jessica Winters,559,31831,195944,0.34,8,Auto,Current,AB,2021-11-13
LN0683,Dr. Kevin Christian MD,682,48666,12235,0.44,13,Mortgage,Late (30-59 days),ON,2021-11-14
LN0684,Timothy Collins,532,41523,67712,0.42,6,Credit Line,Charged Off,BC,2021-11-15
LN0685,Matthew Johnson,768,41211,157545,0.26,9,Mortgage,Current,BC,2021-11-16
LN0686,Robert Stokes,603,43813,203639,0.55,3,Personal,Current,ON,2021-11-17
LN0687,Jennifer Sharp,,20000,242890,0.14,2,Personal,Current,BC,2021-11-18
LN0688,Robert Rodriguez,678,49154,130849,0.36,2,Mortgage,Current,ON,2021-11-19
LN0689,Raymond Carpenter,624,46396,260493,0.52,4,Personal,Late (30-59 days),ON,2021-11-20
LN0690,Mr. Marc Clark,708,24181,84823,0.32,0,Mortgage,Current,MB,2021-11-21
LN0691,Marcus Humphrey,602,32937,109215,0.25,4,Personal,Charged Off,ON,2021-11-22
LN0692,Crystal Cruz,737,35748,246071,0.29,5,Auto,Current,ON,2021-11-23
LN0693,Hailey Hamilton,515,34413,37230,0.26,2,Mortgage,Current,QC,2021-11-24
LN0694,John Cunningham,662,41503,228660,0.35,15,Auto,Current,AB,2021-11-25
LN0695,Christopher Roberts,843,64379,184736,0.3,4,Auto,Current,ON,2021-11-26
LN0696,Michelle Ortega,549,55977,128246,0.15,1,Credit Line,Current,ON,2021-11-27
LN0697,Richard Murphy,582,21485,89817,0.3,3,Mortgage,Current,AB,2021-11-28
LN0698,Laura Phillips,701,46575,243657,0.39,5,Auto,Current,ON,2021-11-29
LN0699,Mary Carter,667,61794,222033,0.17,1,Mortgage,Current,ON,2021-11-30
LN0700,Jessica Wright,685,42392,236414,0.25,0,Personal,Current,AB,2021-12-01
LN0701,Jacob Morrow,698,56184,261812,0.38,4,Mortgage,Current,QC,2021-12-02
LN0702,Miss Michelle Mills,713,81219,75219,0.36,14,Auto,Current,AB,2021-12-03
LN0703,Kathleen Williams,760,82038,175956,0.24,3,Mortgage,Late (60+ days),ON,2021-12-04
LN0704,Beverly Williams,690,60184.5,262134,0.34,11,Auto,Current,MB,2021-12-05
LN0705,Curtis Martinez,625,55162,26650,0.24,9,Personal,Late (60+ days),MB,2021-12-06
LN0706,Katie Jackson,717,38482,175521,0.31,0,Personal,Current,ON,2021-12-07
LN0707,Amanda Wilkerson,839,36664,175733,0.31,6,Personal,Current,ON,2021-12-08
LN0708,Julie Green,636,31553,296853,0.6,2,Auto,Current,SK,2021-12-09
LN0709,Christopher Mosley,552,67871,247037,0.25,1,Personal,Current,QC,2021-12-10
LN0710,Victoria Fernandez,760,26176,85428,0.21,5,Auto,Late (30-59 days),QC,2021-12-11
LN0711,Anthony Colon,637,67033,211251,0.34,6,Credit Line,Late (30-59 days),BC,2021-12-12
LN0712,Justin Smith,432,44353,14943,0.37,0,Auto,Charged Off,AB,2021-12-13
LN0713,Teresa Ball,734,20749,179312,0.31,12,Auto,Current,AB,2021-12-14
LN0714,Christina Mcdonald,596,42068,26042,0.38,6,Mortgage,Current,ON,2021-12-15
LN0715,Mr. Antonio Patton,640,20000,257842,0.27,13,Auto,Current,ON,2021-12-16
LN0716,Jared Chapman,683,46639,191443,0.38,1,Mortgage,Late (30-59 days),AB,2021-12-17
LN0717,Henry Butler,669,51745,156990,0.31,14,Personal,Current,AB,2021-12-18
LN0718,Adam Barrera,720,28654,295523,0.28,2,Auto,Current,BC,2021-12-19
LN0719,Kayla Whitehead,606,38155,219304,0.48,0,Credit Line,Current,SK,2021-12-20
LN0720,Ms. Kylie White MD,701,79353,149923,0.56,7,Mortgage,Current,BC,2021-12-21
LN0721,Angela Rocha,624,29664,206904,0.28,6,Mortgage,Current,ON,2021-12-22
LN0722,Kenneth Gomez,723,23776,192428,0.15,4,Personal,Current,AB,2021-12-23
LN0723,Justin Graham,711,65687,150817,0.17,3,Mortgage,Late (60+ days),QC,2021-12-24
LN0724,Pamela Parrish,556,79621,10730,0.35,0,Auto,Current,ON,2021-12-25
LN0725,Tracy Fowler,758,36369,234502,0.4,4,Personal,Current,ON,2021-12-26
LN0726,Sharon Grimes,596,54425,207210,0.22,2,Auto,Charged Off,AB,2021-12-27
LN0727,Steve Burns,730,62105,219183,0.49,4,Mortgage,Current,SK,2021-12-28
LN0728,Veronica Gregory,686,26984,24023,0.28,2,Personal,Current,ON,2021-12-29
LN0729,Karen Ford,,29907,131796,0.53,16,Mortgage,Current,ON,2021-12-30
LN0730,Jeanette Matthews,627,59417,289981,0.34,4,Personal,Current,QC,2021-12-31
LN0731,Angela Weber,615,71253,181111,0.51,6,Mortgage,Current,AB,2022-01-01
LN0732,Tiffany Miller,648,45485,25923,0.19,13,Auto,Current,BC,2022-01-02
LN0733,Logan Yu,619,25541,276020,0.35,4,Mortgage,Current,QC,2022-01-03
LN0734,Deanna Cortez,729,80404,199795,0.38,0,Personal,Current,BC,2022-01-04
LN0735,Mike Williamson,488,29366,238462,0.55,0,Mortgage,Current,ON,2022-01-05
LN0736,Michelle Murray,544,31759,56413,0.35,6,Personal,Current,QC,2022-01-06
LN0737,Bradley Rice,543,62466,260719,0.21,1,Auto,Current,ON,2022-01-07
LN0738,Sara Burns,745,67620,33756,0.2,4,Mortgage,Current,AB,2022-01-08
LN0739,Debra Woods,821,51102,123248,0.41,1,Personal,Current,ON,2022-01-09
LN0740,Seth Reyes,639,42870,277448,0.24,1,Auto,Current,BC,2022-01-10
LN0741,Brittany Ramos,633,43709,35341,0.37,3,Mortgage,Current,ON,2022-01-11
LN0742,Elizabeth Cannon,657,36953,132039,0.38,18,Mortgage,Current,QC,2022-01-12
LN0743,Shawn Doyle,766,45399,196830,0.47,4,Auto,Current,ON,2022-01-13
LN0744,Jeff Frost,557,20000,167730,0.35,13,Mortgage,Current,ON,2022-01-14
LN0745,Diana Cain,673,32252,185074,0.17,16,Mortgage,Current,ON,2022-01-15
LN0746,Jonathan Smith,747,39995,239390,0.35,1,Mortgage,Current,AB,2022-01-16
LN0747,Chelsea Johnson,700,22916,137447,0.25,1,Auto,Current,ON,2022-01-17
LN0748,Cheryl Rivera,668,42384,104485,0.44,7,Auto,Current,BC,2022-01-18
LN0749,Alexis Duffy,750,33463,289236,0.58,10,Mortgage,Current,QC,2022-01-19
LN0750,Hannah Mckinney,379,73290,136562,0.26,3,Credit Line,Current,QC,2022-01-20
LN0751,Jacob Shepherd,717,68132,8729,0.46,24,Personal,Current,QC,2022-01-21
LN0752,Michelle Hawkins,584,30142,142046,0.18,0,Mortgage,Current,SK,2022-01-22
LN0753,Luis Jacobs,466,51283.5,123222,0.45,1,Mortgage,Late (30-59 days),ON,2022-01-23
LN0754,Sara Browning,701,35257,88860,0.42,4,Credit Line,Current,ON,2022-01-24
LN0755,Christopher Long,,30313,263360,0.55,3,Auto,Late (30-59 days),MB,2022-01-25
LN0756,Christopher Kelley,636,39261,26398,0.32,0,Mortgage,Late (30-59 days),ON,2022-01-26
LN0757,Jamie Estrada,745,26814,108889,0.2,2,Auto,Current,AB,2022-01-27
LN0758,Bruce Garcia,811,23103,270303,0.18,0,Personal,Current,ON,2022-01-28
LN0759,Erika Estrada,781,46587,230959,0.22,5,Mortgage,Current,BC,2022-01-29
LN0760,Abigail Berry,813,46714,107834,0.16,11,Personal,Current,ON,2022-01-30
LN0761,Brian Edwards,724,26324,26638,0.22,10,Personal,Current,MB,2022-01-31
LN0762,Deanna Nelson,657,51955,268217,0.4,6,Auto,Current,QC,2022-02-01
LN0763,James Moreno,489,28208,220379,0.38,3,Personal,Charged Off,ON,2022-02-02
LN0764,Sarah Blackburn,625,40185,237069,0.55,3,Mortgage,Late (60+ days),ON,2022-02-03
LN0765,Melissa Garcia,565,50419,34320,0.38,0,Auto,Current,ON,2022-02-04
LN0766,Eddie Ross,850,35830,39924,0.32,2,Auto,Current,BC,2022-02-05
LN0767,Gerald Daniel,632,43560,217792,0.38,1,Auto,Current,ON,2022-02-06
LN0768,Tracy Soto,662,29537,176097,0.21,8,Mortgage,Current,ON,2022-02-07
LN0769,Daniel Perez,705,33570,7159,0.36,12,Mortgage,Current,QC,2022-02-08
LN0770,Vanessa Liu,654,33444,53940,0.52,3,Mortgage,Current,QC,2022-02-09
LN0771,Natalie Matthews,819,26940,84436,0.22,6,Mortgage,Current,ON,2022-02-10
LN0772,Jesus Roberts,587,33836,19678,0.53,0,Mortgage,Charged Off,ON,2022-02-11
LN0773,Kenneth Gutierrez,669,20000,197147,0.32,4,Personal,Current,BC,2022-02-12
LN0774,Brian Harris,575,29838,142844,0.22,6,Mortgage,Current,SK,2022-02-13
LN0775,William Murphy,517,32404,72163,0.31,3,Auto,Current,ON,2022-02-14
LN0776,Angela Bowers,588,32778,246040,0.17,1,Mortgage,Current,AB,2022-02-15
LN0777,Jason Hubbard,646,32971,209827,0.42,10,Mortgage,Current,ON,2022-02-16
LN0778,Amanda Bray,607,35429,159536,0.18,6,Mortgage,Current,ON,2022-02-17
LN0779,Jennifer Case,580,43992,56137,0.22,11,Mortgage,Current,QC,2022-02-18
LN0780,Karen Russell,509,51524,105485,0.6,8,Auto,Current,ON,2022-02-19
LN0781,Andrew Peters,641,28003,245970,0.29,23,Mortgage,Charged Off,QC,2022-02-20
LN0782,Robert Hernandez,499,22442,110468,0.18,1,Credit Line,Current,AB,2022-02-21
LN0783,Tracy Hawkins,726,23937,5901,0.33,0,Credit Line,Current,MB,2022-02-22
LN0784,Melissa Jackson,658,29885,92980,0.36,2,Auto,Current,ON,2022-02-23
LN0785,Michael Marshall,504,31546,270025,0.41,0,Personal,Current,ON,2022-02-24
LN0786,Travis Conrad,619,26688,297007,0.56,3,Mortgage,Current,SK,2022-02-25
LN0787,Jennifer Murray,574,21623,247434,0.27,5,Auto,Current,ON,2022-02-26
LN0788,Mary Olson,681,30259,207258,0.32,4,Personal,Current,BC,2022-02-27
LN0789,Richard Lozano,784,39048,256839,0.42,1,Mortgage,Current,ON,2022-02-28
LN0790,James Brewer,462,46074,77572,0.25,11,Mortgage,Current,ON,2022-03-01
LN0791,Albert Burton,661,29057,44255,0.12,0,Mortgage,Current,ON,2022-03-02
LN0792,Corey Horn,633,30785,68212,0.54,2,Auto,Current,AB,2022-03-03
LN0793,Kara Stout,717,25067,27499,0.35,6,Auto,Current,AB,2022-03-04
LN0794,Brandon Wilson II,671,35861,107552,0.34,7,Mortgage,Current,ON,2022-03-05
LN0795,Bryan Hendricks,574,38796,66360,0.31,2,Auto,Charged Off,AB,2022-03-06
LN0796,Jennifer Nguyen,618,45672,148704,0.26,0,Auto,Current,ON,2022-03-07
LN0797,Larry Moss,570,20000,166679,0.63,4,Personal,Current,ON,2022-03-08
LN0798,Christopher Johnson,757,31449,96873,0.41,0,Mortgage,Late (60+ days),AB,2022-03-09
LN0799,Jacqueline Massey,652,40963,70756,0.23,0,Personal,Current,QC,2022-03-10
LN0800,Jill Schultz,840,39086,199454,0.31,5,Auto,Late (60+ days),ON,2022-03-11
LN0801,Stephanie Martinez,643,106639,32464,0.25,1,Personal,Current,ON,2022-03-12
LN0802,Ana Berger,579,41769,126897,0.23,2,Personal,Current,SK,2022-03-13
LN0803,Justin Snyder,498,24303,88791,0.26,3,Auto,Current,AB,2022-03-14
LN0804,Virginia Goodwin,469,34954,160371,0.45,19,Mortgage,Current,AB,2022-03-15
LN0805,Kyle Brown,491,20000,184047,0.12,16,Auto,Current,ON,2022-03-16
LN0806,Kelli Romero,676,35163,137534,0.2,2,Credit Line,Current,AB,2022-03-17
LN0807,Melissa Haynes,700,26024,86441,0.48,1,Auto,Current,ON,2022-03-18
LN0808,Jason Carlson,,78559.5,242612,0.38,1,Mortgage,Current,SK,2022-03-19
LN0809,Paula Sanchez MD,,29149,236444,0.44,1,Mortgage,Current,ON,2022-03-20
LN0810,Lauren Ortiz,601,34658,281319,0.52,3,Credit Line,Current,ON,2022-03-21
LN0811,Stephanie Kelley,664,28163,142263,0.11,4,Mortgage,Late (30-59 days),QC,2022-03-22
LN0812,Brent Wilkinson,811,72805,89518,0.33,3,Mortgage,Current,AB,2022-03-23
LN0813,Jack Love,739,31936,216230,0.37,2,Mortgage,Current,AB,2022-03-24
LN0814,Victoria Reynolds,623,75585,52645,0.23,1,Credit Line,Current,ON,2022-03-25
LN0815,Bradley Murphy,560,50294,244608,0.41,3,Mortgage,Current,QC,2022-03-26
LN0816,Haley Farmer,434,44038,28283,0.19,2,Auto,Charged Off,AB,2022-03-27
LN0817,Caleb Dawson,578,42086,195195,0.33,3,Auto,Charged Off,ON,2022-03-28
LN0818,Sarah Dixon,628,42511,107780,0.35,5,Mortgage,Current,AB,2022-03-29
LN0819,Heather Williamson,551,20000,297878,0.35,5,Personal,Charged Off,MB,2022-03-30
LN0820,Michael Williams,636,32482,5515,0.31,3,Auto,Current,ON,2022-03-31
LN0821,Michael Ross,657,50922,233872,0.23,4,Auto,Current,ON,2022-04-01
LN0822,Sheryl Martinez PhD,627,35612,63755,0.36,1,Personal,Current,ON,2022-04-02
LN0823,Christina Shannon,584,20700,32856,0.4,0,Credit Line,Current,ON,2022-04-03
LN0824,Antonio Cooke,666,35562,78870,0.23,4,Auto,Current,QC,2022-04-04
LN0825,Michael Norris,694,71800,142080,0.26,1,Mortgage,Late (30-59 days),BC,2022-04-05
LN0826,Kimberly Hill,540,59799,275131,0.37,5,Personal,Current,QC,2022-04-06
LN0827,Alisha Jones,791,35425,101502,0.35,6,Auto,Current,ON,2022-04-07
LN0828,Gary Hansen,640,53134,71323,0.46,12,Credit Line,Current,BC,2022-04-08
LN0829,Gary Cruz,651,31363,277017,0.52,15,Credit Line,Late (30-59 days),BC,2022-04-09
LN0830,Kimberly Peterson,720,20000,218614,0.42,0,Mortgage,Current,MB,2022-04-10
LN0831,Michelle Burns,673,25089,172516,0.39,23,Credit Line,Current,ON,2022-04-11
LN0832,Cassandra Pearson,745,67856,110219,0.64,5,Mortgage,Late (30-59 days),BC,2022-04-12
LN0833,Grant Stanton,678,32545,10033,0.24,5,Auto,Current,MB,2022-04-13
LN0834,Vanessa Smith,588,32946,282833,0.3,0,Mortgage,Current,QC,2022-04-14
LN0835,Craig Wilkinson,686,32211,114756,0.39,9,Personal,Current,ON,2022-04-15
LN0836,Michael Stewart,535,77781,267210,0.13,0,Auto,Current,ON,2022-04-16
LN0837,Candice Velasquez,660,69590,119159,0.26,9,Auto,Current,AB,2022-04-17
LN0838,Misty Turner,646,88213,181318,0.12,0,Credit Line,Current,ON,2022-04-18
LN0839,Christopher Reese,629,34077,12533,0.16,5,Auto,Current,MB,2022-04-19
LN0840,Kevin Harris,637,61311,206224,0.19,2,Auto,Current,AB,2022-04-20
LN0841,Daniel Smith,461,20000,247653,0.23,1,Personal,Current,ON,2022-04-21
LN0842,Trevor Alvarez,,65563,114028,0.29,0,Personal,Current,QC,2022-04-22
LN0843,Jennifer Turner,659,22762,278916,0.29,2,Credit Line,Current,ON,2022-04-23
LN0844,Faith Cruz,665,39604,255231,0.28,0,Credit Line,Late (60+ days),ON,2022-04-24
LN0845,Stephanie Nelson,547,23413,17940,0.4,3,Mortgage,Current,BC,2022-04-25
LN0846,Bradley Jones,776,28694,21932,0.24,4,Auto,Current,BC,2022-04-26
LN0847,Melissa Buck,563,25980,231377,0.27,8,Mortgage,Current,ON,2022-04-27
LN0848,Jacob Curtis,746,28476,29648,0.35,5,Auto,Current,AB,2022-04-28
LN0849,Diana Pena,692,29270,37966,0.22,0,Mortgage,Current,ON,2022-04-29
LN0850,Sherri Banks,585,29164,260733,0.21,1,Personal,Current,QC,2022-04-30
LN0851,Jessica Mercado,827,50682,168639,0.24,1,Mortgage,Current,QC,2022-05-01
LN0852,Melissa Johnston,530,23343,251331,0.55,12,Mortgage,Current,ON,2022-05-02
LN0853,Katie Williams,741,59496,47598,0.34,10,Mortgage,Current,SK,2022-05-03
LN0854,Lauren Pacheco,750,59111,195271,0.2,2,Mortgage,Current,BC,2022-05-04
LN0855,Paul Bush,582,29576,180309,0.16,0,Auto,Current,QC,2022-05-05
LN0856,James Jordan,789,27250,201569,0.38,11,Mortgage,Current,QC,2022-05-06
LN0857,Kelly Love,624,33116,136250,0.25,10,Mortgage,Current,ON,2022-05-07
LN0858,Emily Miller,678,87321,253004,0.44,9,Mortgage,Current,ON,2022-05-08
LN0859,John Hall,676,39247,22118,0.5,9,Personal,Current,BC,2022-05-09
LN0860,Rita Greer,636,44044.5,27616,0.31,3,Personal,Current,MB,2022-05-10
LN0861,Glenn Burke,731,44070,136870,0.27,0,Mortgage,Late (60+ days),AB,2022-05-11
LN0862,John Castro,729,23367,274745,0.32,3,Personal,Current,ON,2022-05-12
LN0863,Jay Santana,475,47693,292507,0.18,3,Auto,Charged Off,QC,2022-05-13
LN0864,John Lawrence,780,42763,7795,0.25,3,Mortgage,Current,ON,2022-05-14
LN0865,Jeffrey Ford,483,32108,102462,0.22,3,Auto,Current,ON,2022-05-15
LN0866,Jared Ramirez,753,25966,270228,0.18,1,Mortgage,Current,QC,2022-05-16
LN0867,Janice Miranda,762,25471,267875,0.17,2,Personal,Current,QC,2022-05-17
LN0868,Robert Patterson,540,44977,137201,0.5,2,Mortgage,Current,ON,2022-05-18
LN0869,Deanna Ortega,608,59372,164094,0.19,0,Credit Line,Late (60+ days),BC,2022-05-19
LN0870,Daniel Howe,539,28143,268749,0.51,3,Mortgage,Late (30-59 days),BC,2022-05-20
LN0871,Chad Contreras,628,65434.5,82506,0.33,8,Auto,Current,ON,2022-05-21
LN0872,James Taylor,619,20000,245313,0.34,8,Credit Line,Current,AB,2022-05-22
LN0873,Angela Cantrell,727,28743,49130,0.22,2,Mortgage,Current,ON,2022-05-23
LN0874,Glenn Espinoza,781,35867,168402,0.31,3,Auto,Current,QC,2022-05-24
LN0875,Linda Kaiser,789,25238,151259,0.56,0,Mortgage,Current,AB,2022-05-25
LN0876,Sandra Thomas,593,24969,206682,0.59,5,Auto,Current,QC,2022-05-26
LN0877,Dawn Anderson,629,27802,228034,0.24,2,Mortgage,Current,MB,2022-05-27
LN0878,Jose Ford,481,40817,104694,0.19,2,Mortgage,Charged Off,ON,2022-05-28
LN0879,Elizabeth Harmon,,33693,24773,0.31,10,Auto,Current,QC,2022-05-29
LN0880,Laura Salazar,,20000,271383,0.46,3,Auto,Current,QC,2022-05-30
LN0881,Joyce Evans,811,20000,288007,0.49,0,Auto,Late (30-59 days),BC,2022-05-31
LN0882,Alan Ward,526,28488,73968,0.56,1,Mortgage,Late (30-59 days),AB,2022-06-01
LN0883,Karen Shaw,590,43611,65430,0.38,3,Mortgage,Current,BC,2022-06-02
LN0884,Scott Thompson,647,20000,255072,0.16,2,Auto,Current,AB,2022-06-03
LN0885,Jeffery Sanders,678,29735,6515,0.37,9,Auto,Late (60+ days),ON,2022-06-04
LN0886,Tiffany Miller,569,29422,102206,0.22,3,Mortgage,Current,ON,2022-06-05
LN0887,Cynthia Blanchard,692,63280,250282,0.38,5,Mortgage,Current,BC,2022-06-06
LN0888,Jason Russell,602,31131,240702,0.12,3,Mortgage,Current,QC,2022-06-07
LN0889,Sandra Wells,648,42327,10586,0.2,2,Mortgage,Late (30-59 days),SK,2022-06-08
LN0890,Peter Gilbert,704,38426,250277,0.33,2,Mortgage,Current,ON,2022-06-09
LN0891,Jessica Benson,650,20000,36186,0.26,2,Mortgage,Current,ON,2022-06-10
LN0892,Kathleen Brown,606,74068.5,31928,0.37,3,Auto,Charged Off,QC,2022-06-11
LN0893,Paul Jones,639,39583,234336,0.47,1,Auto,Late (60+ days),AB,2022-06-12
LN0894,Nancy Robles,641,44502,219159,0.46,11,Mortgage,Current,MB,2022-06-13
LN0895,Tyler Banks,612,174642,25711,0.46,2,Mortgage,Late (30-59 days),ON,2022-06-14
LN0896,Nathan Ramirez,624,20000,59962,0.15,0,Mortgage,Current,ON,2022-06-15
LN0897,Jeremy Yang,,72393,25039,0.28,0,Auto,Current,QC,2022-06-16
LN0898,Amber Barnes,706,32371,41561,0.28,0,Credit Line,Current,ON,2022-06-17
LN0899,Malik Thompson,620,40738,211555,0.4,2,Auto,Current,SK,2022-06-18
LN0900,Mark Gray,719,35660,224730,0.41,1,Personal,Current,QC,2022-06-19
LN0901,Christina Jones,616,30647,6577,0.31,0,Personal,Current,ON,2022-06-20
LN0902,Elizabeth Smith,767,28913,112792,0.17,3,Mortgage,Current,ON,2022-06-21
LN0903,Jacqueline Hall,686,41431,252980,0.24,5,Mortgage,Current,ON,2022-06-22
LN0904,Laura Rios,639,20000,243540,0.49,0,Auto,Current,AB,2022-06-23
LN0905,George Hughes,694,49032,233506,0.31,3,Mortgage,Current,ON,2022-06-24
LN0906,James Beck,492,46119,217489,0.42,6,Auto,Charged Off,ON,2022-06-25
LN0907,Cole Lee,537,23108,15785,0.28,21,Personal,Current,SK,2022-06-26
LN0908,Angelica Yu,530,30333,77227,0.41,5,Personal,Current,ON,2022-06-27
LN0909,Hayley Hall,664,60045,70431,0.64,1,Mortgage,Current,BC,2022-06-28
LN0910,Anna Rivera,823,29315,252941,0.6,6,Auto,Current,ON,2022-06-29
LN0911,Luke Rojas,850,41914,199844,0.16,4,Auto,Current,QC,2022-06-30
LN0912,Phillip Rodriguez,713,27108,155653,0.32,1,Personal,Current,ON,2022-07-01
LN0913,Megan Torres,700,49176,268606,0.39,9,Personal,Current,ON,2022-07-02
LN0914,Sara Diaz,469,47772,200245,0.23,2,Credit Line,Current,QC,2022-07-03
LN0915,Tonya Mitchell,595,76072,180486,0.14,16,Mortgage,Current,ON,2022-07-04
LN0916,Linda Clark,571,33852,77573,0.2,6,Auto,Current,QC,2022-07-05
LN0917,William Stewart,587,47451,229737,0.36,5,Mortgage,Charged Off,ON,2022-07-06
LN0918,Nathaniel Grimes,633,37768,124682,0.47,6,Mortgage,Current,BC,2022-07-07
LN0919,Jennifer Morris,602,60982,18386,0.48,3,Credit Line,Current,MB,2022-07-08
LN0920,Kevin Simmons,452,27240,59460,0.44,3,Credit Line,Current,ON,2022-07-09
LN0921,Micheal Nelson,724,48922,120375,0.52,9,Mortgage,Current,ON,2022-07-10
LN0922,James Ponce,542,33594,157117,0.2,5,Mortgage,Current,AB,2022-07-11
LN0923,Joseph Cooley,673,35394,121582,0.3,11,Mortgage,Late (60+ days),BC,2022-07-12
LN0924,Gina Brown,850,37673,248015,0.15,11,Personal,Current,ON,2022-07-13
LN0925,Christopher Cummings,558,40170,158778,0.41,18,Mortgage,Current,QC,2022-07-14
LN0926,Phillip Ray,396,34665,57335,0.15,6,Mortgage,Current,ON,2022-07-15
LN0927,Allison Walker,621,39572,234087,0.45,3,Mortgage,Late (60+ days),ON,2022-07-16
LN0928,Christopher Peters,760,68271,57949,0.33,0,Auto,Current,MB,2022-07-17
LN0929,Katherine Brown,,53861,100558,0.44,6,Credit Line,Current,AB,2022-07-18
LN0930,Janet Kaiser,527,51413,269860,0.32,1,Mortgage,Current,BC,2022-07-19
LN0931,Daniel Wolf,699,30266,152646,0.51,1,Auto,Current,ON,2022-07-20
LN0932,Ronald Kent,603,25445,247887,0.42,1,Mortgage,Current,ON,2022-07-21
LN0933,Jennifer Sparks,639,53216,197898,0.25,10,Auto,Current,AB,2022-07-22
LN0934,Donald Flores,850,51555,156285,0.29,10,Auto,Current,ON,2022-07-23
LN0935,James Davis,499,65451,76916,0.27,4,Mortgage,Charged Off,ON,2022-07-24
LN0936,Donald Schmidt,675,28521,202223,0.12,3,Mortgage,Current,ON,2022-07-25
LN0937,Derek Johnson,696,33129,264590,0.38,5,Personal,Current,QC,2022-07-26
LN0938,Alicia Rice,758,20000,253090,0.27,4,Mortgage,Current,ON,2022-07-27
LN0939,Erin Acosta,659,31039,55906,0.22,2,Auto,Current,ON,2022-07-28
LN0940,Eric Carson,680,54102,267607,0.39,2,Mortgage,Late (60+ days),AB,2022-07-29
LN0941,Cheryl Jones,610,30133,79694,0.29,2,Mortgage,Current,BC,2022-07-30
LN0942,Billy Nelson,676,46919,287152,0.29,4,Auto,Current,ON,2022-07-31
LN0943,Carmen Valentine,615,33651,75474,0.13,5,Personal,Current,BC,2022-08-01
LN0944,Cameron Barr,712,41341,43185,0.19,3,Auto,Late (30-59 days),ON,2022-08-02
LN0945,Keith Jordan,613,22946,267048,0.11,17,Mortgage,Current,QC,2022-08-03
LN0946,Crystal Holt,687,37574,261574,0.26,0,Auto,Current,BC,2022-08-04
LN0947,Tyler Evans,647,20000,207211,0.39,2,Auto,Current,ON,2022-08-05
LN0948,Candice Davis,762,33699,27504,0.38,2,Auto,Current,ON,2022-08-06
LN0949,Jason Thomas,644,20000,59970,0.2,0,Auto,Current,BC,2022-08-07
LN0950,Stacey Ayala,472,58829,283910,0.25,2,Mortgage,Current,MB,2022-08-08
LN0951,Mr. Robert Brown,776,49561,121944,0.2,1,Auto,Current,QC,2022-08-09
LN0952,Laurie Bennett,559,43768,178615,0.23,3,Auto,Current,ON,2022-08-10
LN0953,Seth Jackson,,66729,169211,0.37,2,Mortgage,Current,ON,2022-08-11
LN0954,Brandy Washington,590,24845,125494,0.55,6,Auto,Current,ON,2022-08-12
LN0955,Eric Silva,787,73053,239941,0.27,3,Mortgage,Current,ON,2022-08-13
LN0956,Eric Taylor,436,52726,13802,0.43,0,Mortgage,Charged Off,QC,2022-08-14
LN0957,Kathy Turner,850,33036,176277,0.24,6,Credit Line,Current,BC,2022-08-15
LN0958,Emily James,755,57196,16516,0.33,0,Mortgage,Current,ON,2022-08-16
LN0959,Nathan Barnes,672,23329,296230,0.59,9,Mortgage,Current,ON,2022-08-17
LN0960,Shannon Davis,644,26113,118758,0.21,13,Auto,Current,QC,2022-08-18
LN0961,Kimberly Schmitt,678,28468,35480,0.12,1,Credit Line,Current,ON,2022-08-19
LN0962,Andrew Robertson,702,29389,188163,0.35,13,Credit Line,Current,SK,2022-08-20
LN0963,Samantha Sanchez,714,23798,133023,0.28,7,Auto,Current,QC,2022-08-21
LN0964,Jessica Stewart,705,59232,183838,0.5,12,Mortgage,Current,AB,2022-08-22
LN0965,Susan Warner,658,32743,276409,0.53,5,Credit Line,Current,AB,2022-08-23
LN0966,Chad Adams,630,41814,119165,0.19,1,Auto,Current,AB,2022-08-24
LN0967,Joy Gonzalez,634,28907,124501,0.26,11,Mortgage,Late (60+ days),ON,2022-08-25
LN0968,Steven Smith,630,20000,254329,0.65,1,Personal,Late (30-59 days),MB,2022-08-26
LN0969,Jessica Anderson,763,40458,282530,0.22,1,Mortgage,Current,ON,2022-08-27
LN0970,Tracey Ortiz,,20000,126635,0.15,1,Mortgage,Current,ON,2022-08-28
LN0971,Jose Oliver,355,52998,179326,0.23,1,Personal,Charged Off,QC,2022-08-29
LN0972,Jose Calderon,715,21008,225935,0.26,3,Auto,Current,ON,2022-08-30
LN0973,Brandon Nunez,669,80411,58634,0.53,6,Mortgage,Current,ON,2022-08-31
LN0974,Deanna Diaz,648,52289,183734,0.4,13,Mortgage,Current,ON,2022-09-01
LN0975,Karen Gonzales,611,37884,239856,0.35,0,Auto,Current,ON,2022-09-02
LN0976,Mary Ward,762,60203,223599,0.29,15,Mortgage,Late (30-59 days),BC,2022-09-03
LN0977,Toni Lopez,744,25886,242919,0.23,12,Mortgage,Late (30-59 days),ON,2022-09-04
LN0978,Sara Smith,572,45134,72443,0.17,0,Auto,Current,QC,2022-09-05
LN0979,Alexis Taylor,690,39337,296568,0.42,2,Personal,Current,SK,2022-09-06
LN0980,Gary Farrell,552,40360,46505,0.11,8,Auto,Current,QC,2022-09-07
LN0981,Andrea Jones,512,60411,107478,0.25,4,Personal,Current,BC,2022-09-08
LN0982,Donald Kelly,587,48678,67699,0.33,7,Personal,Current,SK,2022-09-09
LN0983,Margaret Reed,736,40761,159721,0.47,6,Auto,Current,ON,2022-09-10
LN0984,Larry Garcia,745,20000,141668,0.18,3,Mortgage,Current,QC,2022-09-11
LN0985,Dustin Leonard,701,24735,283518,0.65,0,Personal,Late (30-59 days),AB,2022-09-12
LN0986,Judy Adams,722,34576,123686,0.19,4,Auto,Current,MB,2022-09-13
LN0987,Jeffrey Wagner,701,37697,270919,0.46,0,Mortgage,Current,BC,2022-09-14
LN0988,Kyle Mills,585,23107,294532,0.28,4,Mortgage,Current,ON,2022-09-15
LN0989,Rebecca Thomas,693,95289,288173,0.3,8,Personal,Current,MB,2022-09-16
LN0990,Kyle Nelson,730,66606,88981,0.52,4,Mortgage,Late (30-59 days),ON,2022-09-17
LN0991,David Abbott,725,46205,119010,0.36,29,Mortgage,Current,ON,2022-09-18
LN0992,Pam Mclean,768,37377,36105,0.18,3,Auto,Current,ON,2022-09-19
LN0993,Jennifer Robinson,720,33360,264021,0.48,6,Personal,Current,QC,2022-09-20
LN0994,Samantha Small,685,24815,152032,0.44,5,Auto,Current,AB,2022-09-21
LN0995,Kenneth Montoya,757,56187,131519,0.28,23,Mortgage,Late (60+ days),AB,2022-09-22
LN0996,Roy Nash,647,40259,147429,0.19,6,Mortgage,Current,BC,2022-09-23
LN0997,Jennifer Martin,561,22099,282948,0.31,0,Auto,Current,ON,2022-09-24
LN0998,Peter Alvarado,633,41509,132732,0.26,15,Mortgage,Current,QC,2022-09-25
LN0999,Kevin Fisher,575,34128,150698,0.34,5,Auto,Current,BC,2022-09-26
